ISO-10303-21;
HEADER;
/* Generated by software containing ST-Developer
 * from STEP Tools, Inc. (www.steptools.com) 
 */

FILE_DESCRIPTION(
/* description */ (''),
/* implementation_level */ '2;1');

FILE_NAME(
/* name */ 'BASE.step',
/* time_stamp */ '2026-09-17T05:59:19+02:00',
/* author */ (''),
/* organization */ (''),
/* preprocessor_version */ 'ST-DEVELOPER v20.2',
/* originating_system */ 'Autodesk Translation Framework v15.15.0.0',
/* authorisation */ '');

FILE_SCHEMA (('AUTOMOTIVE_DESIGN { 1 0 10303 214 3 1 1 }'));
ENDSEC;

DATA;
#10=MECHANICAL_DESIGN_GEOMETRIC_PRESENTATION_REPRESENTATION('',(#13),#2629);
#11=SHAPE_REPRESENTATION_RELATIONSHIP('SRR','None',#2636,#12);
#12=ADVANCED_BREP_SHAPE_REPRESENTATION('',(#14),#2628);
#13=STYLED_ITEM('',(#2645),#14);
#14=MANIFOLD_SOLID_BREP('BASE',#1613);
#15=ELLIPSE('',#1651,1.97989898732233,1.4);
#16=ELLIPSE('',#1660,4.24264068711928,2.99999999999999);
#17=CYLINDRICAL_SURFACE('',#1638,1.4);
#18=CYLINDRICAL_SURFACE('',#1642,1.4);
#19=CYLINDRICAL_SURFACE('',#1646,1.4);
#20=CYLINDRICAL_SURFACE('',#1650,1.4);
#21=CYLINDRICAL_SURFACE('',#1659,2.99999999999999);
#22=CYLINDRICAL_SURFACE('',#1664,2.99999999997116);
#23=CYLINDRICAL_SURFACE('',#1682,2.99999959351643);
#24=CYLINDRICAL_SURFACE('',#1684,2.99999999999999);
#25=CYLINDRICAL_SURFACE('',#1686,4.99999959352641);
#26=CYLINDRICAL_SURFACE('',#1688,5.);
#27=CYLINDRICAL_SURFACE('',#1739,4.99999999999999);
#28=CYLINDRICAL_SURFACE('',#1741,4.99999999997117);
#29=FACE_BOUND('',#195,.T.);
#30=FACE_BOUND('',#196,.T.);
#31=FACE_BOUND('',#197,.T.);
#32=FACE_BOUND('',#198,.T.);
#33=FACE_BOUND('',#207,.T.);
#34=FACE_BOUND('',#208,.T.);
#35=FACE_BOUND('',#209,.T.);
#36=FACE_BOUND('',#210,.T.);
#37=FACE_BOUND('',#211,.T.);
#38=FACE_BOUND('',#219,.T.);
#39=PLANE('',#1630);
#40=PLANE('',#1654);
#41=PLANE('',#1662);
#42=PLANE('',#1663);
#43=PLANE('',#1666);
#44=PLANE('',#1667);
#45=PLANE('',#1668);
#46=PLANE('',#1675);
#47=PLANE('',#1676);
#48=PLANE('',#1677);
#49=PLANE('',#1678);
#50=PLANE('',#1679);
#51=PLANE('',#1680);
#52=PLANE('',#1681);
#53=PLANE('',#1683);
#54=PLANE('',#1685);
#55=PLANE('',#1687);
#56=PLANE('',#1689);
#57=PLANE('',#1690);
#58=PLANE('',#1691);
#59=PLANE('',#1692);
#60=PLANE('',#1693);
#61=PLANE('',#1694);
#62=PLANE('',#1695);
#63=PLANE('',#1696);
#64=PLANE('',#1697);
#65=PLANE('',#1698);
#66=PLANE('',#1699);
#67=PLANE('',#1700);
#68=PLANE('',#1701);
#69=PLANE('',#1702);
#70=PLANE('',#1703);
#71=PLANE('',#1704);
#72=PLANE('',#1705);
#73=PLANE('',#1706);
#74=PLANE('',#1707);
#75=PLANE('',#1708);
#76=PLANE('',#1709);
#77=PLANE('',#1710);
#78=PLANE('',#1711);
#79=PLANE('',#1712);
#80=PLANE('',#1713);
#81=PLANE('',#1714);
#82=PLANE('',#1715);
#83=PLANE('',#1716);
#84=PLANE('',#1717);
#85=PLANE('',#1718);
#86=PLANE('',#1719);
#87=PLANE('',#1720);
#88=PLANE('',#1721);
#89=PLANE('',#1722);
#90=PLANE('',#1723);
#91=PLANE('',#1724);
#92=PLANE('',#1725);
#93=PLANE('',#1726);
#94=PLANE('',#1727);
#95=PLANE('',#1728);
#96=PLANE('',#1729);
#97=PLANE('',#1730);
#98=PLANE('',#1731);
#99=PLANE('',#1732);
#100=PLANE('',#1733);
#101=PLANE('',#1734);
#102=PLANE('',#1735);
#103=PLANE('',#1736);
#104=PLANE('',#1737);
#105=PLANE('',#1738);
#106=PLANE('',#1740);
#107=PLANE('',#1742);
#108=FACE_OUTER_BOUND('',#193,.T.);
#109=FACE_OUTER_BOUND('',#194,.T.);
#110=FACE_OUTER_BOUND('',#199,.T.);
#111=FACE_OUTER_BOUND('',#200,.T.);
#112=FACE_OUTER_BOUND('',#201,.T.);
#113=FACE_OUTER_BOUND('',#202,.T.);
#114=FACE_OUTER_BOUND('',#203,.T.);
#115=FACE_OUTER_BOUND('',#204,.T.);
#116=FACE_OUTER_BOUND('',#205,.T.);
#117=FACE_OUTER_BOUND('',#206,.T.);
#118=FACE_OUTER_BOUND('',#212,.T.);
#119=FACE_OUTER_BOUND('',#213,.T.);
#120=FACE_OUTER_BOUND('',#214,.T.);
#121=FACE_OUTER_BOUND('',#215,.T.);
#122=FACE_OUTER_BOUND('',#216,.T.);
#123=FACE_OUTER_BOUND('',#217,.T.);
#124=FACE_OUTER_BOUND('',#218,.T.);
#125=FACE_OUTER_BOUND('',#220,.T.);
#126=FACE_OUTER_BOUND('',#221,.T.);
#127=FACE_OUTER_BOUND('',#222,.T.);
#128=FACE_OUTER_BOUND('',#223,.T.);
#129=FACE_OUTER_BOUND('',#224,.T.);
#130=FACE_OUTER_BOUND('',#225,.T.);
#131=FACE_OUTER_BOUND('',#226,.T.);
#132=FACE_OUTER_BOUND('',#227,.T.);
#133=FACE_OUTER_BOUND('',#228,.T.);
#134=FACE_OUTER_BOUND('',#229,.T.);
#135=FACE_OUTER_BOUND('',#230,.T.);
#136=FACE_OUTER_BOUND('',#231,.T.);
#137=FACE_OUTER_BOUND('',#232,.T.);
#138=FACE_OUTER_BOUND('',#233,.T.);
#139=FACE_OUTER_BOUND('',#234,.T.);
#140=FACE_OUTER_BOUND('',#235,.T.);
#141=FACE_OUTER_BOUND('',#236,.T.);
#142=FACE_OUTER_BOUND('',#237,.T.);
#143=FACE_OUTER_BOUND('',#238,.T.);
#144=FACE_OUTER_BOUND('',#239,.T.);
#145=FACE_OUTER_BOUND('',#240,.T.);
#146=FACE_OUTER_BOUND('',#241,.T.);
#147=FACE_OUTER_BOUND('',#242,.T.);
#148=FACE_OUTER_BOUND('',#243,.T.);
#149=FACE_OUTER_BOUND('',#244,.T.);
#150=FACE_OUTER_BOUND('',#245,.T.);
#151=FACE_OUTER_BOUND('',#246,.T.);
#152=FACE_OUTER_BOUND('',#247,.T.);
#153=FACE_OUTER_BOUND('',#248,.T.);
#154=FACE_OUTER_BOUND('',#249,.T.);
#155=FACE_OUTER_BOUND('',#250,.T.);
#156=FACE_OUTER_BOUND('',#251,.T.);
#157=FACE_OUTER_BOUND('',#252,.T.);
#158=FACE_OUTER_BOUND('',#253,.T.);
#159=FACE_OUTER_BOUND('',#254,.T.);
#160=FACE_OUTER_BOUND('',#255,.T.);
#161=FACE_OUTER_BOUND('',#256,.T.);
#162=FACE_OUTER_BOUND('',#257,.T.);
#163=FACE_OUTER_BOUND('',#258,.T.);
#164=FACE_OUTER_BOUND('',#259,.T.);
#165=FACE_OUTER_BOUND('',#260,.T.);
#166=FACE_OUTER_BOUND('',#261,.T.);
#167=FACE_OUTER_BOUND('',#262,.T.);
#168=FACE_OUTER_BOUND('',#263,.T.);
#169=FACE_OUTER_BOUND('',#264,.T.);
#170=FACE_OUTER_BOUND('',#265,.T.);
#171=FACE_OUTER_BOUND('',#266,.T.);
#172=FACE_OUTER_BOUND('',#267,.T.);
#173=FACE_OUTER_BOUND('',#268,.T.);
#174=FACE_OUTER_BOUND('',#269,.T.);
#175=FACE_OUTER_BOUND('',#270,.T.);
#176=FACE_OUTER_BOUND('',#271,.T.);
#177=FACE_OUTER_BOUND('',#272,.T.);
#178=FACE_OUTER_BOUND('',#273,.T.);
#179=FACE_OUTER_BOUND('',#274,.T.);
#180=FACE_OUTER_BOUND('',#275,.T.);
#181=FACE_OUTER_BOUND('',#276,.T.);
#182=FACE_OUTER_BOUND('',#277,.T.);
#183=FACE_OUTER_BOUND('',#278,.T.);
#184=FACE_OUTER_BOUND('',#279,.T.);
#185=FACE_OUTER_BOUND('',#280,.T.);
#186=FACE_OUTER_BOUND('',#281,.T.);
#187=FACE_OUTER_BOUND('',#282,.T.);
#188=FACE_OUTER_BOUND('',#283,.T.);
#189=FACE_OUTER_BOUND('',#284,.T.);
#190=FACE_OUTER_BOUND('',#285,.T.);
#191=FACE_OUTER_BOUND('',#286,.T.);
#192=FACE_OUTER_BOUND('',#287,.T.);
#193=EDGE_LOOP('',(#1074,#1075,#1076,#1077));
#194=EDGE_LOOP('',(#1078,#1079,#1080,#1081,#1082,#1083,#1084,#1085));
#195=EDGE_LOOP('',(#1086));
#196=EDGE_LOOP('',(#1087));
#197=EDGE_LOOP('',(#1088));
#198=EDGE_LOOP('',(#1089));
#199=EDGE_LOOP('',(#1090,#1091,#1092,#1093));
#200=EDGE_LOOP('',(#1094,#1095,#1096,#1097));
#201=EDGE_LOOP('',(#1098,#1099,#1100,#1101));
#202=EDGE_LOOP('',(#1102,#1103,#1104,#1105));
#203=EDGE_LOOP('',(#1106,#1107,#1108,#1109));
#204=EDGE_LOOP('',(#1110,#1111,#1112,#1113));
#205=EDGE_LOOP('',(#1114,#1115,#1116,#1117,#1118,#1119));
#206=EDGE_LOOP('',(#1120,#1121,#1122,#1123,#1124,#1125,#1126,#1127,#1128,
#1129,#1130,#1131,#1132,#1133,#1134,#1135,#1136,#1137));
#207=EDGE_LOOP('',(#1138,#1139,#1140,#1141));
#208=EDGE_LOOP('',(#1142,#1143,#1144,#1145));
#209=EDGE_LOOP('',(#1146));
#210=EDGE_LOOP('',(#1147));
#211=EDGE_LOOP('',(#1148));
#212=EDGE_LOOP('',(#1149,#1150,#1151,#1152,#1153));
#213=EDGE_LOOP('',(#1154,#1155,#1156,#1157,#1158,#1159,#1160,#1161,#1162,
#1163,#1164,#1165,#1166,#1167,#1168,#1169,#1170,#1171,#1172,#1173,#1174,
#1175,#1176,#1177,#1178));
#214=EDGE_LOOP('',(#1179,#1180,#1181,#1182,#1183,#1184,#1185));
#215=EDGE_LOOP('',(#1186,#1187,#1188,#1189));
#216=EDGE_LOOP('',(#1190,#1191,#1192,#1193));
#217=EDGE_LOOP('',(#1194,#1195,#1196,#1197));
#218=EDGE_LOOP('',(#1198,#1199,#1200,#1201,#1202,#1203,#1204,#1205));
#219=EDGE_LOOP('',(#1206,#1207,#1208,#1209,#1210,#1211,#1212,#1213));
#220=EDGE_LOOP('',(#1214,#1215,#1216,#1217));
#221=EDGE_LOOP('',(#1218,#1219,#1220,#1221));
#222=EDGE_LOOP('',(#1222,#1223,#1224,#1225));
#223=EDGE_LOOP('',(#1226,#1227,#1228,#1229));
#224=EDGE_LOOP('',(#1230,#1231,#1232,#1233));
#225=EDGE_LOOP('',(#1234,#1235,#1236,#1237));
#226=EDGE_LOOP('',(#1238,#1239,#1240,#1241));
#227=EDGE_LOOP('',(#1242,#1243,#1244,#1245));
#228=EDGE_LOOP('',(#1246,#1247,#1248,#1249));
#229=EDGE_LOOP('',(#1250,#1251,#1252,#1253));
#230=EDGE_LOOP('',(#1254,#1255,#1256,#1257));
#231=EDGE_LOOP('',(#1258,#1259,#1260,#1261));
#232=EDGE_LOOP('',(#1262,#1263,#1264,#1265));
#233=EDGE_LOOP('',(#1266,#1267,#1268,#1269));
#234=EDGE_LOOP('',(#1270,#1271,#1272,#1273));
#235=EDGE_LOOP('',(#1274,#1275,#1276,#1277));
#236=EDGE_LOOP('',(#1278,#1279,#1280,#1281));
#237=EDGE_LOOP('',(#1282,#1283,#1284,#1285));
#238=EDGE_LOOP('',(#1286,#1287,#1288,#1289,#1290,#1291));
#239=EDGE_LOOP('',(#1292,#1293,#1294,#1295));
#240=EDGE_LOOP('',(#1296,#1297,#1298,#1299));
#241=EDGE_LOOP('',(#1300,#1301,#1302,#1303));
#242=EDGE_LOOP('',(#1304,#1305,#1306,#1307));
#243=EDGE_LOOP('',(#1308,#1309,#1310,#1311));
#244=EDGE_LOOP('',(#1312,#1313,#1314,#1315));
#245=EDGE_LOOP('',(#1316,#1317,#1318,#1319,#1320,#1321));
#246=EDGE_LOOP('',(#1322,#1323,#1324,#1325));
#247=EDGE_LOOP('',(#1326,#1327,#1328,#1329));
#248=EDGE_LOOP('',(#1330,#1331,#1332,#1333,#1334,#1335));
#249=EDGE_LOOP('',(#1336,#1337,#1338,#1339));
#250=EDGE_LOOP('',(#1340,#1341,#1342,#1343));
#251=EDGE_LOOP('',(#1344,#1345,#1346,#1347));
#252=EDGE_LOOP('',(#1348,#1349,#1350,#1351,#1352,#1353));
#253=EDGE_LOOP('',(#1354,#1355,#1356,#1357,#1358));
#254=EDGE_LOOP('',(#1359,#1360,#1361,#1362));
#255=EDGE_LOOP('',(#1363,#1364,#1365,#1366,#1367));
#256=EDGE_LOOP('',(#1368,#1369,#1370,#1371,#1372,#1373));
#257=EDGE_LOOP('',(#1374,#1375,#1376,#1377,#1378,#1379,#1380,#1381));
#258=EDGE_LOOP('',(#1382,#1383,#1384,#1385));
#259=EDGE_LOOP('',(#1386,#1387,#1388,#1389));
#260=EDGE_LOOP('',(#1390,#1391,#1392,#1393));
#261=EDGE_LOOP('',(#1394,#1395,#1396,#1397));
#262=EDGE_LOOP('',(#1398,#1399,#1400,#1401));
#263=EDGE_LOOP('',(#1402,#1403,#1404,#1405));
#264=EDGE_LOOP('',(#1406,#1407,#1408,#1409,#1410,#1411,#1412,#1413,#1414));
#265=EDGE_LOOP('',(#1415,#1416,#1417,#1418));
#266=EDGE_LOOP('',(#1419,#1420,#1421,#1422));
#267=EDGE_LOOP('',(#1423,#1424,#1425,#1426,#1427,#1428,#1429,#1430,#1431));
#268=EDGE_LOOP('',(#1432,#1433,#1434,#1435));
#269=EDGE_LOOP('',(#1436,#1437,#1438,#1439));
#270=EDGE_LOOP('',(#1440,#1441,#1442,#1443));
#271=EDGE_LOOP('',(#1444,#1445,#1446,#1447));
#272=EDGE_LOOP('',(#1448,#1449,#1450,#1451));
#273=EDGE_LOOP('',(#1452,#1453,#1454,#1455,#1456,#1457));
#274=EDGE_LOOP('',(#1458,#1459,#1460,#1461));
#275=EDGE_LOOP('',(#1462,#1463,#1464,#1465));
#276=EDGE_LOOP('',(#1466,#1467,#1468,#1469));
#277=EDGE_LOOP('',(#1470,#1471,#1472,#1473,#1474));
#278=EDGE_LOOP('',(#1475,#1476,#1477,#1478,#1479,#1480));
#279=EDGE_LOOP('',(#1481,#1482,#1483,#1484));
#280=EDGE_LOOP('',(#1485,#1486,#1487,#1488,#1489));
#281=EDGE_LOOP('',(#1490,#1491,#1492,#1493,#1494,#1495,#1496,#1497));
#282=EDGE_LOOP('',(#1498,#1499,#1500,#1501,#1502,#1503));
#283=EDGE_LOOP('',(#1504,#1505,#1506,#1507));
#284=EDGE_LOOP('',(#1508,#1509,#1510,#1511));
#285=EDGE_LOOP('',(#1512,#1513,#1514,#1515));
#286=EDGE_LOOP('',(#1516,#1517,#1518,#1519));
#287=EDGE_LOOP('',(#1520,#1521,#1522,#1523));
#288=LINE('',#2176,#482);
#289=LINE('',#2183,#483);
#290=LINE('',#2187,#484);
#291=LINE('',#2191,#485);
#292=LINE('',#2194,#486);
#293=LINE('',#2204,#487);
#294=LINE('',#2207,#488);
#295=LINE('',#2212,#489);
#296=LINE('',#2215,#490);
#297=LINE('',#2220,#491);
#298=LINE('',#2223,#492);
#299=LINE('',#2231,#493);
#300=LINE('',#2235,#494);
#301=LINE('',#2239,#495);
#302=LINE('',#2243,#496);
#303=LINE('',#2247,#497);
#304=LINE('',#2251,#498);
#305=LINE('',#2253,#499);
#306=LINE('',#2255,#500);
#307=LINE('',#2257,#501);
#308=LINE('',#2259,#502);
#309=LINE('',#2261,#503);
#310=LINE('',#2263,#504);
#311=LINE('',#2264,#505);
#312=LINE('',#2267,#506);
#313=LINE('',#2269,#507);
#314=LINE('',#2271,#508);
#315=LINE('',#2272,#509);
#316=LINE('',#2275,#510);
#317=LINE('',#2277,#511);
#318=LINE('',#2279,#512);
#319=LINE('',#2280,#513);
#320=LINE('',#2285,#514);
#321=LINE('',#2288,#515);
#322=LINE('',#2291,#516);
#323=LINE('',#2293,#517);
#324=LINE('',#2295,#518);
#325=LINE('',#2297,#519);
#326=LINE('',#2299,#520);
#327=LINE('',#2301,#521);
#328=LINE('',#2303,#522);
#329=LINE('',#2305,#523);
#330=LINE('',#2307,#524);
#331=LINE('',#2308,#525);
#332=LINE('',#2310,#526);
#333=LINE('',#2312,#527);
#334=LINE('',#2314,#528);
#335=LINE('',#2316,#529);
#336=LINE('',#2318,#530);
#337=LINE('',#2320,#531);
#338=LINE('',#2322,#532);
#339=LINE('',#2324,#533);
#340=LINE('',#2326,#534);
#341=LINE('',#2327,#535);
#342=LINE('',#2329,#536);
#343=LINE('',#2330,#537);
#344=LINE('',#2333,#538);
#345=LINE('',#2334,#539);
#346=LINE('',#2337,#540);
#347=LINE('',#2341,#541);
#348=LINE('',#2342,#542);
#349=LINE('',#2345,#543);
#350=LINE('',#2346,#544);
#351=LINE('',#2352,#545);
#352=LINE('',#2356,#546);
#353=LINE('',#2360,#547);
#354=LINE('',#2363,#548);
#355=LINE('',#2367,#549);
#356=LINE('',#2371,#550);
#357=LINE('',#2373,#551);
#358=LINE('',#2374,#552);
#359=LINE('',#2376,#553);
#360=LINE('',#2379,#554);
#361=LINE('',#2380,#555);
#362=LINE('',#2383,#556);
#363=LINE('',#2384,#557);
#364=LINE('',#2387,#558);
#365=LINE('',#2388,#559);
#366=LINE('',#2391,#560);
#367=LINE('',#2392,#561);
#368=LINE('',#2395,#562);
#369=LINE('',#2396,#563);
#370=LINE('',#2398,#564);
#371=LINE('',#2400,#565);
#372=LINE('',#2403,#566);
#373=LINE('',#2404,#567);
#374=LINE('',#2406,#568);
#375=LINE('',#2408,#569);
#376=LINE('',#2410,#570);
#377=LINE('',#2413,#571);
#378=LINE('',#2415,#572);
#379=LINE('',#2416,#573);
#380=LINE('',#2419,#574);
#381=LINE('',#2420,#575);
#382=LINE('',#2423,#576);
#383=LINE('',#2424,#577);
#384=LINE('',#2426,#578);
#385=LINE('',#2429,#579);
#386=LINE('',#2431,#580);
#387=LINE('',#2433,#581);
#388=LINE('',#2435,#582);
#389=LINE('',#2436,#583);
#390=LINE('',#2439,#584);
#391=LINE('',#2440,#585);
#392=LINE('',#2443,#586);
#393=LINE('',#2445,#587);
#394=LINE('',#2446,#588);
#395=LINE('',#2449,#589);
#396=LINE('',#2450,#590);
#397=LINE('',#2453,#591);
#398=LINE('',#2454,#592);
#399=LINE('',#2456,#593);
#400=LINE('',#2459,#594);
#401=LINE('',#2461,#595);
#402=LINE('',#2462,#596);
#403=LINE('',#2465,#597);
#404=LINE('',#2467,#598);
#405=LINE('',#2469,#599);
#406=LINE('',#2470,#600);
#407=LINE('',#2472,#601);
#408=LINE('',#2474,#602);
#409=LINE('',#2478,#603);
#410=LINE('',#2480,#604);
#411=LINE('',#2482,#605);
#412=LINE('',#2484,#606);
#413=LINE('',#2486,#607);
#414=LINE('',#2487,#608);
#415=LINE('',#2490,#609);
#416=LINE('',#2492,#610);
#417=LINE('',#2493,#611);
#418=LINE('',#2496,#612);
#419=LINE('',#2498,#613);
#420=LINE('',#2499,#614);
#421=LINE('',#2502,#615);
#422=LINE('',#2504,#616);
#423=LINE('',#2505,#617);
#424=LINE('',#2508,#618);
#425=LINE('',#2509,#619);
#426=LINE('',#2511,#620);
#427=LINE('',#2513,#621);
#428=LINE('',#2514,#622);
#429=LINE('',#2517,#623);
#430=LINE('',#2518,#624);
#431=LINE('',#2520,#625);
#432=LINE('',#2521,#626);
#433=LINE('',#2526,#627);
#434=LINE('',#2528,#628);
#435=LINE('',#2529,#629);
#436=LINE('',#2532,#630);
#437=LINE('',#2533,#631);
#438=LINE('',#2536,#632);
#439=LINE('',#2537,#633);
#440=LINE('',#2539,#634);
#441=LINE('',#2542,#635);
#442=LINE('',#2543,#636);
#443=LINE('',#2545,#637);
#444=LINE('',#2549,#638);
#445=LINE('',#2550,#639);
#446=LINE('',#2553,#640);
#447=LINE('',#2555,#641);
#448=LINE('',#2557,#642);
#449=LINE('',#2559,#643);
#450=LINE('',#2560,#644);
#451=LINE('',#2562,#645);
#452=LINE('',#2564,#646);
#453=LINE('',#2566,#647);
#454=LINE('',#2568,#648);
#455=LINE('',#2573,#649);
#456=LINE('',#2575,#650);
#457=LINE('',#2577,#651);
#458=LINE('',#2579,#652);
#459=LINE('',#2581,#653);
#460=LINE('',#2582,#654);
#461=LINE('',#2585,#655);
#462=LINE('',#2587,#656);
#463=LINE('',#2588,#657);
#464=LINE('',#2591,#658);
#465=LINE('',#2593,#659);
#466=LINE('',#2594,#660);
#467=LINE('',#2597,#661);
#468=LINE('',#2599,#662);
#469=LINE('',#2600,#663);
#470=LINE('',#2602,#664);
#471=LINE('',#2605,#665);
#472=LINE('',#2606,#666);
#473=LINE('',#2608,#667);
#474=LINE('',#2609,#668);
#475=LINE('',#2612,#669);
#476=LINE('',#2613,#670);
#477=LINE('',#2615,#671);
#478=LINE('',#2617,#672);
#479=LINE('',#2620,#673);
#480=LINE('',#2622,#674);
#481=LINE('',#2624,#675);
#482=VECTOR('',#1749,1.775);
#483=VECTOR('',#1756,10.);
#484=VECTOR('',#1759,10.);
#485=VECTOR('',#1762,10.);
#486=VECTOR('',#1765,10.);
#487=VECTOR('',#1776,1.4);
#488=VECTOR('',#1779,1.775);
#489=VECTOR('',#1786,1.4);
#490=VECTOR('',#1789,1.775);
#491=VECTOR('',#1796,1.4);
#492=VECTOR('',#1799,1.775);
#493=VECTOR('',#1808,1.4);
#494=VECTOR('',#1813,10.);
#495=VECTOR('',#1816,10.);
#496=VECTOR('',#1819,10.);
#497=VECTOR('',#1822,10.);
#498=VECTOR('',#1825,10.);
#499=VECTOR('',#1826,10.);
#500=VECTOR('',#1827,10.);
#501=VECTOR('',#1828,10.);
#502=VECTOR('',#1829,10.);
#503=VECTOR('',#1830,10.);
#504=VECTOR('',#1831,10.);
#505=VECTOR('',#1832,10.);
#506=VECTOR('',#1833,10.);
#507=VECTOR('',#1834,10.);
#508=VECTOR('',#1835,10.);
#509=VECTOR('',#1836,10.);
#510=VECTOR('',#1837,10.);
#511=VECTOR('',#1838,10.);
#512=VECTOR('',#1839,10.);
#513=VECTOR('',#1840,10.);
#514=VECTOR('',#1845,10.);
#515=VECTOR('',#1848,10.);
#516=VECTOR('',#1851,10.);
#517=VECTOR('',#1852,10.);
#518=VECTOR('',#1853,10.);
#519=VECTOR('',#1854,10.);
#520=VECTOR('',#1855,10.);
#521=VECTOR('',#1856,10.);
#522=VECTOR('',#1857,10.);
#523=VECTOR('',#1858,10.);
#524=VECTOR('',#1859,10.);
#525=VECTOR('',#1860,10.);
#526=VECTOR('',#1861,10.);
#527=VECTOR('',#1862,10.);
#528=VECTOR('',#1863,10.);
#529=VECTOR('',#1864,10.);
#530=VECTOR('',#1865,10.);
#531=VECTOR('',#1866,10.);
#532=VECTOR('',#1867,10.);
#533=VECTOR('',#1868,10.);
#534=VECTOR('',#1869,10.);
#535=VECTOR('',#1870,10.);
#536=VECTOR('',#1871,10.);
#537=VECTOR('',#1872,10.);
#538=VECTOR('',#1875,10.);
#539=VECTOR('',#1876,10.);
#540=VECTOR('',#1879,10.);
#541=VECTOR('',#1884,10.);
#542=VECTOR('',#1885,10.);
#543=VECTOR('',#1888,10.);
#544=VECTOR('',#1889,10.);
#545=VECTOR('',#1894,10.);
#546=VECTOR('',#1897,10.);
#547=VECTOR('',#1900,10.);
#548=VECTOR('',#1903,10.);
#549=VECTOR('',#1906,10.);
#550=VECTOR('',#1911,10.);
#551=VECTOR('',#1912,10.);
#552=VECTOR('',#1913,10.);
#553=VECTOR('',#1916,10.);
#554=VECTOR('',#1919,10.);
#555=VECTOR('',#1920,10.);
#556=VECTOR('',#1923,10.);
#557=VECTOR('',#1924,10.);
#558=VECTOR('',#1927,10.);
#559=VECTOR('',#1928,10.);
#560=VECTOR('',#1931,10.);
#561=VECTOR('',#1932,10.);
#562=VECTOR('',#1935,10.);
#563=VECTOR('',#1936,10.);
#564=VECTOR('',#1939,10.);
#565=VECTOR('',#1942,10.);
#566=VECTOR('',#1947,10.);
#567=VECTOR('',#1948,10.);
#568=VECTOR('',#1951,10.);
#569=VECTOR('',#1954,10.);
#570=VECTOR('',#1957,10.);
#571=VECTOR('',#1960,10.);
#572=VECTOR('',#1961,10.);
#573=VECTOR('',#1962,10.);
#574=VECTOR('',#1965,10.);
#575=VECTOR('',#1966,10.);
#576=VECTOR('',#1969,10.);
#577=VECTOR('',#1970,10.);
#578=VECTOR('',#1973,10.);
#579=VECTOR('',#1976,10.);
#580=VECTOR('',#1977,10.);
#581=VECTOR('',#1978,10.);
#582=VECTOR('',#1979,10.);
#583=VECTOR('',#1980,10.);
#584=VECTOR('',#1983,10.);
#585=VECTOR('',#1984,10.);
#586=VECTOR('',#1987,10.);
#587=VECTOR('',#1988,10.);
#588=VECTOR('',#1989,10.);
#589=VECTOR('',#1992,10.);
#590=VECTOR('',#1993,10.);
#591=VECTOR('',#1996,10.);
#592=VECTOR('',#1997,10.);
#593=VECTOR('',#2000,10.);
#594=VECTOR('',#2003,10.);
#595=VECTOR('',#2004,10.);
#596=VECTOR('',#2005,10.);
#597=VECTOR('',#2008,10.);
#598=VECTOR('',#2009,10.);
#599=VECTOR('',#2010,10.);
#600=VECTOR('',#2011,10.);
#601=VECTOR('',#2014,10.);
#602=VECTOR('',#2017,10.);
#603=VECTOR('',#2020,10.);
#604=VECTOR('',#2021,10.);
#605=VECTOR('',#2022,10.);
#606=VECTOR('',#2023,10.);
#607=VECTOR('',#2024,10.);
#608=VECTOR('',#2025,10.);
#609=VECTOR('',#2028,10.);
#610=VECTOR('',#2029,10.);
#611=VECTOR('',#2030,10.);
#612=VECTOR('',#2033,10.);
#613=VECTOR('',#2034,10.);
#614=VECTOR('',#2035,10.);
#615=VECTOR('',#2038,10.);
#616=VECTOR('',#2039,10.);
#617=VECTOR('',#2040,10.);
#618=VECTOR('',#2043,10.);
#619=VECTOR('',#2044,10.);
#620=VECTOR('',#2047,10.);
#621=VECTOR('',#2050,10.);
#622=VECTOR('',#2051,10.);
#623=VECTOR('',#2054,10.);
#624=VECTOR('',#2055,10.);
#625=VECTOR('',#2058,10.);
#626=VECTOR('',#2059,10.);
#627=VECTOR('',#2066,10.);
#628=VECTOR('',#2067,10.);
#629=VECTOR('',#2068,10.);
#630=VECTOR('',#2071,10.);
#631=VECTOR('',#2072,10.);
#632=VECTOR('',#2075,10.);
#633=VECTOR('',#2076,10.);
#634=VECTOR('',#2079,10.);
#635=VECTOR('',#2082,10.);
#636=VECTOR('',#2083,10.);
#637=VECTOR('',#2086,10.);
#638=VECTOR('',#2091,10.);
#639=VECTOR('',#2092,10.);
#640=VECTOR('',#2095,10.);
#641=VECTOR('',#2096,10.);
#642=VECTOR('',#2097,10.);
#643=VECTOR('',#2098,10.);
#644=VECTOR('',#2099,10.);
#645=VECTOR('',#2102,10.);
#646=VECTOR('',#2105,10.);
#647=VECTOR('',#2108,10.);
#648=VECTOR('',#2111,10.);
#649=VECTOR('',#2116,10.);
#650=VECTOR('',#2117,10.);
#651=VECTOR('',#2118,10.);
#652=VECTOR('',#2119,10.);
#653=VECTOR('',#2120,10.);
#654=VECTOR('',#2121,10.);
#655=VECTOR('',#2124,10.);
#656=VECTOR('',#2125,10.);
#657=VECTOR('',#2126,10.);
#658=VECTOR('',#2129,10.);
#659=VECTOR('',#2130,10.);
#660=VECTOR('',#2131,10.);
#661=VECTOR('',#2134,10.);
#662=VECTOR('',#2135,10.);
#663=VECTOR('',#2136,10.);
#664=VECTOR('',#2139,10.);
#665=VECTOR('',#2142,10.);
#666=VECTOR('',#2143,10.);
#667=VECTOR('',#2146,10.);
#668=VECTOR('',#2147,10.);
#669=VECTOR('',#2150,10.);
#670=VECTOR('',#2151,10.);
#671=VECTOR('',#2154,10.);
#672=VECTOR('',#2157,10.);
#673=VECTOR('',#2162,10.);
#674=VECTOR('',#2165,10.);
#675=VECTOR('',#2168,10.);
#676=CIRCLE('',#1628,2.15);
#677=CIRCLE('',#1629,1.4);
#678=CIRCLE('',#1631,5.);
#679=CIRCLE('',#1632,4.99999999997117);
#680=CIRCLE('',#1633,4.99999999999999);
#681=CIRCLE('',#1634,4.99999959352641);
#682=CIRCLE('',#1635,2.15);
#683=CIRCLE('',#1636,2.15);
#684=CIRCLE('',#1637,2.15);
#685=CIRCLE('',#1639,1.4);
#686=CIRCLE('',#1641,1.4);
#687=CIRCLE('',#1643,1.4);
#688=CIRCLE('',#1645,1.4);
#689=CIRCLE('',#1647,1.4);
#690=CIRCLE('',#1649,1.4);
#691=CIRCLE('',#1652,1.4);
#692=CIRCLE('',#1653,1.4);
#693=CIRCLE('',#1655,2.99999999999999);
#694=CIRCLE('',#1656,2.99999959351643);
#695=CIRCLE('',#1657,2.99999999999999);
#696=CIRCLE('',#1658,2.99999999997116);
#697=CIRCLE('',#1661,2.99999999999999);
#698=CIRCLE('',#1665,2.99999999997116);
#699=CIRCLE('',#1669,5.);
#700=CIRCLE('',#1670,4.99999959352641);
#701=CIRCLE('',#1671,4.99999999999999);
#702=CIRCLE('',#1672,4.99999999997117);
#703=CIRCLE('',#1673,2.99999999999999);
#704=CIRCLE('',#1674,2.99999959351643);
#705=VERTEX_POINT('',#2173);
#706=VERTEX_POINT('',#2175);
#707=VERTEX_POINT('',#2179);
#708=VERTEX_POINT('',#2180);
#709=VERTEX_POINT('',#2182);
#710=VERTEX_POINT('',#2184);
#711=VERTEX_POINT('',#2186);
#712=VERTEX_POINT('',#2188);
#713=VERTEX_POINT('',#2190);
#714=VERTEX_POINT('',#2192);
#715=VERTEX_POINT('',#2195);
#716=VERTEX_POINT('',#2197);
#717=VERTEX_POINT('',#2199);
#718=VERTEX_POINT('',#2202);
#719=VERTEX_POINT('',#2206);
#720=VERTEX_POINT('',#2210);
#721=VERTEX_POINT('',#2214);
#722=VERTEX_POINT('',#2218);
#723=VERTEX_POINT('',#2222);
#724=VERTEX_POINT('',#2226);
#725=VERTEX_POINT('',#2227);
#726=VERTEX_POINT('',#2229);
#727=VERTEX_POINT('',#2234);
#728=VERTEX_POINT('',#2236);
#729=VERTEX_POINT('',#2238);
#730=VERTEX_POINT('',#2240);
#731=VERTEX_POINT('',#2242);
#732=VERTEX_POINT('',#2244);
#733=VERTEX_POINT('',#2246);
#734=VERTEX_POINT('',#2248);
#735=VERTEX_POINT('',#2250);
#736=VERTEX_POINT('',#2252);
#737=VERTEX_POINT('',#2254);
#738=VERTEX_POINT('',#2256);
#739=VERTEX_POINT('',#2258);
#740=VERTEX_POINT('',#2260);
#741=VERTEX_POINT('',#2262);
#742=VERTEX_POINT('',#2265);
#743=VERTEX_POINT('',#2266);
#744=VERTEX_POINT('',#2268);
#745=VERTEX_POINT('',#2270);
#746=VERTEX_POINT('',#2273);
#747=VERTEX_POINT('',#2274);
#748=VERTEX_POINT('',#2276);
#749=VERTEX_POINT('',#2278);
#750=VERTEX_POINT('',#2282);
#751=VERTEX_POINT('',#2284);
#752=VERTEX_POINT('',#2286);
#753=VERTEX_POINT('',#2290);
#754=VERTEX_POINT('',#2292);
#755=VERTEX_POINT('',#2294);
#756=VERTEX_POINT('',#2296);
#757=VERTEX_POINT('',#2298);
#758=VERTEX_POINT('',#2300);
#759=VERTEX_POINT('',#2302);
#760=VERTEX_POINT('',#2304);
#761=VERTEX_POINT('',#2306);
#762=VERTEX_POINT('',#2309);
#763=VERTEX_POINT('',#2311);
#764=VERTEX_POINT('',#2313);
#765=VERTEX_POINT('',#2315);
#766=VERTEX_POINT('',#2317);
#767=VERTEX_POINT('',#2319);
#768=VERTEX_POINT('',#2321);
#769=VERTEX_POINT('',#2323);
#770=VERTEX_POINT('',#2325);
#771=VERTEX_POINT('',#2328);
#772=VERTEX_POINT('',#2332);
#773=VERTEX_POINT('',#2336);
#774=VERTEX_POINT('',#2340);
#775=VERTEX_POINT('',#2344);
#776=VERTEX_POINT('',#2348);
#777=VERTEX_POINT('',#2349);
#778=VERTEX_POINT('',#2351);
#779=VERTEX_POINT('',#2353);
#780=VERTEX_POINT('',#2355);
#781=VERTEX_POINT('',#2357);
#782=VERTEX_POINT('',#2359);
#783=VERTEX_POINT('',#2361);
#784=VERTEX_POINT('',#2364);
#785=VERTEX_POINT('',#2366);
#786=VERTEX_POINT('',#2370);
#787=VERTEX_POINT('',#2372);
#788=VERTEX_POINT('',#2378);
#789=VERTEX_POINT('',#2382);
#790=VERTEX_POINT('',#2386);
#791=VERTEX_POINT('',#2390);
#792=VERTEX_POINT('',#2394);
#793=VERTEX_POINT('',#2412);
#794=VERTEX_POINT('',#2414);
#795=VERTEX_POINT('',#2418);
#796=VERTEX_POINT('',#2422);
#797=VERTEX_POINT('',#2428);
#798=VERTEX_POINT('',#2430);
#799=VERTEX_POINT('',#2432);
#800=VERTEX_POINT('',#2434);
#801=VERTEX_POINT('',#2438);
#802=VERTEX_POINT('',#2442);
#803=VERTEX_POINT('',#2444);
#804=VERTEX_POINT('',#2448);
#805=VERTEX_POINT('',#2452);
#806=VERTEX_POINT('',#2458);
#807=VERTEX_POINT('',#2460);
#808=VERTEX_POINT('',#2464);
#809=VERTEX_POINT('',#2466);
#810=VERTEX_POINT('',#2468);
#811=VERTEX_POINT('',#2476);
#812=VERTEX_POINT('',#2477);
#813=VERTEX_POINT('',#2479);
#814=VERTEX_POINT('',#2481);
#815=VERTEX_POINT('',#2483);
#816=VERTEX_POINT('',#2485);
#817=VERTEX_POINT('',#2489);
#818=VERTEX_POINT('',#2491);
#819=VERTEX_POINT('',#2495);
#820=VERTEX_POINT('',#2497);
#821=VERTEX_POINT('',#2501);
#822=VERTEX_POINT('',#2503);
#823=VERTEX_POINT('',#2507);
#824=VERTEX_POINT('',#2516);
#825=VERTEX_POINT('',#2525);
#826=VERTEX_POINT('',#2527);
#827=VERTEX_POINT('',#2531);
#828=VERTEX_POINT('',#2535);
#829=VERTEX_POINT('',#2541);
#830=VERTEX_POINT('',#2548);
#831=VERTEX_POINT('',#2552);
#832=VERTEX_POINT('',#2554);
#833=VERTEX_POINT('',#2556);
#834=VERTEX_POINT('',#2558);
#835=VERTEX_POINT('',#2571);
#836=VERTEX_POINT('',#2572);
#837=VERTEX_POINT('',#2574);
#838=VERTEX_POINT('',#2576);
#839=VERTEX_POINT('',#2578);
#840=VERTEX_POINT('',#2580);
#841=VERTEX_POINT('',#2584);
#842=VERTEX_POINT('',#2586);
#843=VERTEX_POINT('',#2590);
#844=VERTEX_POINT('',#2592);
#845=VERTEX_POINT('',#2596);
#846=VERTEX_POINT('',#2598);
#847=VERTEX_POINT('',#2604);
#848=VERTEX_POINT('',#2611);
#849=EDGE_CURVE('',#705,#705,#676,.T.);
#850=EDGE_CURVE('',#705,#706,#288,.T.);
#851=EDGE_CURVE('',#706,#706,#677,.T.);
#852=EDGE_CURVE('',#707,#708,#678,.T.);
#853=EDGE_CURVE('',#708,#709,#289,.T.);
#854=EDGE_CURVE('',#709,#710,#679,.T.);
#855=EDGE_CURVE('',#710,#711,#290,.T.);
#856=EDGE_CURVE('',#711,#712,#680,.T.);
#857=EDGE_CURVE('',#712,#713,#291,.T.);
#858=EDGE_CURVE('',#713,#714,#681,.T.);
#859=EDGE_CURVE('',#714,#707,#292,.T.);
#860=EDGE_CURVE('',#715,#715,#682,.T.);
#861=EDGE_CURVE('',#716,#716,#683,.T.);
#862=EDGE_CURVE('',#717,#717,#684,.T.);
#863=EDGE_CURVE('',#718,#718,#685,.T.);
#864=EDGE_CURVE('',#718,#706,#293,.T.);
#865=EDGE_CURVE('',#715,#719,#294,.T.);
#866=EDGE_CURVE('',#719,#719,#686,.T.);
#867=EDGE_CURVE('',#720,#720,#687,.T.);
#868=EDGE_CURVE('',#720,#719,#295,.T.);
#869=EDGE_CURVE('',#717,#721,#296,.T.);
#870=EDGE_CURVE('',#721,#721,#688,.T.);
#871=EDGE_CURVE('',#722,#722,#689,.T.);
#872=EDGE_CURVE('',#722,#721,#297,.T.);
#873=EDGE_CURVE('',#716,#723,#298,.T.);
#874=EDGE_CURVE('',#723,#723,#690,.T.);
#875=EDGE_CURVE('',#724,#725,#15,.T.);
#876=EDGE_CURVE('',#726,#724,#691,.T.);
#877=EDGE_CURVE('',#726,#723,#299,.T.);
#878=EDGE_CURVE('',#725,#726,#692,.T.);
#879=EDGE_CURVE('',#727,#724,#300,.T.);
#880=EDGE_CURVE('',#728,#727,#693,.T.);
#881=EDGE_CURVE('',#728,#729,#301,.T.);
#882=EDGE_CURVE('',#729,#730,#694,.T.);
#883=EDGE_CURVE('',#730,#731,#302,.T.);
#884=EDGE_CURVE('',#731,#732,#695,.T.);
#885=EDGE_CURVE('',#732,#733,#303,.T.);
#886=EDGE_CURVE('',#734,#733,#696,.T.);
#887=EDGE_CURVE('',#734,#735,#304,.F.);
#888=EDGE_CURVE('',#736,#735,#305,.T.);
#889=EDGE_CURVE('',#737,#736,#306,.T.);
#890=EDGE_CURVE('',#738,#737,#307,.T.);
#891=EDGE_CURVE('',#738,#739,#308,.F.);
#892=EDGE_CURVE('',#740,#739,#309,.T.);
#893=EDGE_CURVE('',#741,#740,#310,.T.);
#894=EDGE_CURVE('',#725,#741,#311,.T.);
#895=EDGE_CURVE('',#742,#743,#312,.T.);
#896=EDGE_CURVE('',#744,#742,#313,.T.);
#897=EDGE_CURVE('',#745,#744,#314,.T.);
#898=EDGE_CURVE('',#743,#745,#315,.T.);
#899=EDGE_CURVE('',#746,#747,#316,.T.);
#900=EDGE_CURVE('',#748,#746,#317,.T.);
#901=EDGE_CURVE('',#749,#748,#318,.T.);
#902=EDGE_CURVE('',#747,#749,#319,.T.);
#903=EDGE_CURVE('',#727,#750,#16,.T.);
#904=EDGE_CURVE('',#750,#751,#320,.T.);
#905=EDGE_CURVE('',#751,#752,#697,.F.);
#906=EDGE_CURVE('',#752,#728,#321,.T.);
#907=EDGE_CURVE('',#753,#750,#322,.F.);
#908=EDGE_CURVE('',#754,#753,#323,.F.);
#909=EDGE_CURVE('',#755,#754,#324,.F.);
#910=EDGE_CURVE('',#756,#755,#325,.F.);
#911=EDGE_CURVE('',#757,#756,#326,.F.);
#912=EDGE_CURVE('',#758,#757,#327,.F.);
#913=EDGE_CURVE('',#759,#758,#328,.F.);
#914=EDGE_CURVE('',#760,#759,#329,.T.);
#915=EDGE_CURVE('',#761,#760,#330,.F.);
#916=EDGE_CURVE('',#739,#761,#331,.F.);
#917=EDGE_CURVE('',#762,#738,#332,.F.);
#918=EDGE_CURVE('',#763,#762,#333,.F.);
#919=EDGE_CURVE('',#764,#763,#334,.T.);
#920=EDGE_CURVE('',#765,#764,#335,.F.);
#921=EDGE_CURVE('',#766,#765,#336,.F.);
#922=EDGE_CURVE('',#767,#766,#337,.F.);
#923=EDGE_CURVE('',#768,#767,#338,.F.);
#924=EDGE_CURVE('',#769,#768,#339,.F.);
#925=EDGE_CURVE('',#770,#769,#340,.F.);
#926=EDGE_CURVE('',#735,#770,#341,.F.);
#927=EDGE_CURVE('',#771,#734,#342,.T.);
#928=EDGE_CURVE('',#751,#771,#343,.T.);
#929=EDGE_CURVE('',#772,#741,#344,.T.);
#930=EDGE_CURVE('',#772,#753,#345,.T.);
#931=EDGE_CURVE('',#733,#773,#346,.T.);
#932=EDGE_CURVE('',#773,#771,#698,.F.);
#933=EDGE_CURVE('',#774,#732,#347,.T.);
#934=EDGE_CURVE('',#773,#774,#348,.T.);
#935=EDGE_CURVE('',#775,#752,#349,.T.);
#936=EDGE_CURVE('',#775,#729,#350,.T.);
#937=EDGE_CURVE('',#776,#777,#699,.T.);
#938=EDGE_CURVE('',#778,#776,#351,.T.);
#939=EDGE_CURVE('',#779,#778,#700,.T.);
#940=EDGE_CURVE('',#780,#779,#352,.T.);
#941=EDGE_CURVE('',#781,#780,#701,.T.);
#942=EDGE_CURVE('',#782,#781,#353,.T.);
#943=EDGE_CURVE('',#783,#782,#702,.T.);
#944=EDGE_CURVE('',#777,#783,#354,.T.);
#945=EDGE_CURVE('',#774,#784,#703,.T.);
#946=EDGE_CURVE('',#784,#785,#355,.T.);
#947=EDGE_CURVE('',#785,#775,#704,.T.);
#948=EDGE_CURVE('',#770,#786,#356,.T.);
#949=EDGE_CURVE('',#787,#769,#357,.T.);
#950=EDGE_CURVE('',#787,#786,#358,.T.);
#951=EDGE_CURVE('',#736,#786,#359,.T.);
#952=EDGE_CURVE('',#737,#788,#360,.T.);
#953=EDGE_CURVE('',#788,#762,#361,.T.);
#954=EDGE_CURVE('',#789,#788,#362,.T.);
#955=EDGE_CURVE('',#763,#789,#363,.T.);
#956=EDGE_CURVE('',#761,#790,#364,.T.);
#957=EDGE_CURVE('',#790,#740,#365,.T.);
#958=EDGE_CURVE('',#791,#760,#366,.T.);
#959=EDGE_CURVE('',#791,#790,#367,.T.);
#960=EDGE_CURVE('',#772,#792,#368,.T.);
#961=EDGE_CURVE('',#792,#754,#369,.T.);
#962=EDGE_CURVE('',#785,#730,#370,.T.);
#963=EDGE_CURVE('',#784,#731,#371,.T.);
#964=EDGE_CURVE('',#713,#779,#372,.T.);
#965=EDGE_CURVE('',#712,#780,#373,.T.);
#966=EDGE_CURVE('',#714,#778,#374,.T.);
#967=EDGE_CURVE('',#707,#776,#375,.T.);
#968=EDGE_CURVE('',#777,#708,#376,.T.);
#969=EDGE_CURVE('',#743,#793,#377,.T.);
#970=EDGE_CURVE('',#793,#794,#378,.T.);
#971=EDGE_CURVE('',#742,#794,#379,.T.);
#972=EDGE_CURVE('',#745,#795,#380,.T.);
#973=EDGE_CURVE('',#795,#793,#381,.T.);
#974=EDGE_CURVE('',#794,#796,#382,.T.);
#975=EDGE_CURVE('',#796,#744,#383,.T.);
#976=EDGE_CURVE('',#796,#795,#384,.T.);
#977=EDGE_CURVE('',#797,#794,#385,.T.);
#978=EDGE_CURVE('',#797,#798,#386,.T.);
#979=EDGE_CURVE('',#798,#799,#387,.T.);
#980=EDGE_CURVE('',#800,#799,#388,.T.);
#981=EDGE_CURVE('',#800,#796,#389,.T.);
#982=EDGE_CURVE('',#801,#793,#390,.T.);
#983=EDGE_CURVE('',#797,#801,#391,.T.);
#984=EDGE_CURVE('',#747,#802,#392,.T.);
#985=EDGE_CURVE('',#802,#803,#393,.T.);
#986=EDGE_CURVE('',#803,#746,#394,.T.);
#987=EDGE_CURVE('',#749,#804,#395,.T.);
#988=EDGE_CURVE('',#804,#802,#396,.T.);
#989=EDGE_CURVE('',#805,#804,#397,.T.);
#990=EDGE_CURVE('',#748,#805,#398,.T.);
#991=EDGE_CURVE('',#803,#805,#399,.T.);
#992=EDGE_CURVE('',#806,#803,#400,.T.);
#993=EDGE_CURVE('',#806,#807,#401,.T.);
#994=EDGE_CURVE('',#807,#805,#402,.T.);
#995=EDGE_CURVE('',#802,#808,#403,.T.);
#996=EDGE_CURVE('',#809,#808,#404,.T.);
#997=EDGE_CURVE('',#810,#809,#405,.T.);
#998=EDGE_CURVE('',#810,#806,#406,.T.);
#999=EDGE_CURVE('',#790,#772,#407,.T.);
#1000=EDGE_CURVE('',#786,#788,#408,.T.);
#1001=EDGE_CURVE('',#811,#812,#409,.T.);
#1002=EDGE_CURVE('',#812,#813,#410,.T.);
#1003=EDGE_CURVE('',#813,#814,#411,.T.);
#1004=EDGE_CURVE('',#815,#814,#412,.T.);
#1005=EDGE_CURVE('',#816,#815,#413,.T.);
#1006=EDGE_CURVE('',#816,#811,#414,.T.);
#1007=EDGE_CURVE('',#814,#817,#415,.T.);
#1008=EDGE_CURVE('',#818,#817,#416,.T.);
#1009=EDGE_CURVE('',#815,#818,#417,.T.);
#1010=EDGE_CURVE('',#817,#819,#418,.T.);
#1011=EDGE_CURVE('',#820,#819,#419,.T.);
#1012=EDGE_CURVE('',#820,#818,#420,.T.);
#1013=EDGE_CURVE('',#819,#821,#421,.T.);
#1014=EDGE_CURVE('',#822,#821,#422,.T.);
#1015=EDGE_CURVE('',#822,#820,#423,.T.);
#1016=EDGE_CURVE('',#816,#823,#424,.T.);
#1017=EDGE_CURVE('',#823,#822,#425,.T.);
#1018=EDGE_CURVE('',#821,#813,#426,.T.);
#1019=EDGE_CURVE('',#823,#800,#427,.T.);
#1020=EDGE_CURVE('',#799,#816,#428,.T.);
#1021=EDGE_CURVE('',#824,#798,#429,.T.);
#1022=EDGE_CURVE('',#824,#811,#430,.T.);
#1023=EDGE_CURVE('',#812,#795,#431,.T.);
#1024=EDGE_CURVE('',#824,#801,#432,.T.);
#1025=EDGE_CURVE('',#825,#765,#433,.T.);
#1026=EDGE_CURVE('',#825,#826,#434,.T.);
#1027=EDGE_CURVE('',#826,#766,#435,.T.);
#1028=EDGE_CURVE('',#826,#827,#436,.T.);
#1029=EDGE_CURVE('',#827,#767,#437,.T.);
#1030=EDGE_CURVE('',#827,#828,#438,.T.);
#1031=EDGE_CURVE('',#828,#768,#439,.T.);
#1032=EDGE_CURVE('',#828,#787,#440,.T.);
#1033=EDGE_CURVE('',#829,#764,#441,.T.);
#1034=EDGE_CURVE('',#829,#825,#442,.T.);
#1035=EDGE_CURVE('',#829,#789,#443,.T.);
#1036=EDGE_CURVE('',#759,#830,#444,.T.);
#1037=EDGE_CURVE('',#830,#791,#445,.T.);
#1038=EDGE_CURVE('',#830,#831,#446,.T.);
#1039=EDGE_CURVE('',#831,#832,#447,.T.);
#1040=EDGE_CURVE('',#832,#833,#448,.T.);
#1041=EDGE_CURVE('',#834,#833,#449,.T.);
#1042=EDGE_CURVE('',#792,#834,#450,.T.);
#1043=EDGE_CURVE('',#831,#758,#451,.T.);
#1044=EDGE_CURVE('',#834,#755,#452,.T.);
#1045=EDGE_CURVE('',#833,#756,#453,.T.);
#1046=EDGE_CURVE('',#832,#757,#454,.T.);
#1047=EDGE_CURVE('',#835,#836,#455,.T.);
#1048=EDGE_CURVE('',#836,#837,#456,.T.);
#1049=EDGE_CURVE('',#837,#838,#457,.T.);
#1050=EDGE_CURVE('',#839,#838,#458,.T.);
#1051=EDGE_CURVE('',#840,#839,#459,.T.);
#1052=EDGE_CURVE('',#840,#835,#460,.T.);
#1053=EDGE_CURVE('',#838,#841,#461,.T.);
#1054=EDGE_CURVE('',#842,#841,#462,.T.);
#1055=EDGE_CURVE('',#839,#842,#463,.T.);
#1056=EDGE_CURVE('',#841,#843,#464,.T.);
#1057=EDGE_CURVE('',#844,#843,#465,.T.);
#1058=EDGE_CURVE('',#844,#842,#466,.T.);
#1059=EDGE_CURVE('',#843,#845,#467,.T.);
#1060=EDGE_CURVE('',#845,#846,#468,.T.);
#1061=EDGE_CURVE('',#846,#844,#469,.T.);
#1062=EDGE_CURVE('',#846,#840,#470,.T.);
#1063=EDGE_CURVE('',#847,#837,#471,.T.);
#1064=EDGE_CURVE('',#847,#845,#472,.T.);
#1065=EDGE_CURVE('',#837,#809,#473,.T.);
#1066=EDGE_CURVE('',#808,#847,#474,.T.);
#1067=EDGE_CURVE('',#848,#836,#475,.T.);
#1068=EDGE_CURVE('',#810,#848,#476,.T.);
#1069=EDGE_CURVE('',#804,#835,#477,.T.);
#1070=EDGE_CURVE('',#807,#848,#478,.T.);
#1071=EDGE_CURVE('',#711,#781,#479,.T.);
#1072=EDGE_CURVE('',#710,#782,#480,.T.);
#1073=EDGE_CURVE('',#709,#783,#481,.T.);
#1074=ORIENTED_EDGE('',*,*,#849,.T.);
#1075=ORIENTED_EDGE('',*,*,#850,.T.);
#1076=ORIENTED_EDGE('',*,*,#851,.T.);
#1077=ORIENTED_EDGE('',*,*,#850,.F.);
#1078=ORIENTED_EDGE('',*,*,#852,.T.);
#1079=ORIENTED_EDGE('',*,*,#853,.T.);
#1080=ORIENTED_EDGE('',*,*,#854,.T.);
#1081=ORIENTED_EDGE('',*,*,#855,.T.);
#1082=ORIENTED_EDGE('',*,*,#856,.T.);
#1083=ORIENTED_EDGE('',*,*,#857,.T.);
#1084=ORIENTED_EDGE('',*,*,#858,.T.);
#1085=ORIENTED_EDGE('',*,*,#859,.T.);
#1086=ORIENTED_EDGE('',*,*,#860,.F.);
#1087=ORIENTED_EDGE('',*,*,#861,.F.);
#1088=ORIENTED_EDGE('',*,*,#862,.F.);
#1089=ORIENTED_EDGE('',*,*,#849,.F.);
#1090=ORIENTED_EDGE('',*,*,#863,.F.);
#1091=ORIENTED_EDGE('',*,*,#864,.T.);
#1092=ORIENTED_EDGE('',*,*,#851,.F.);
#1093=ORIENTED_EDGE('',*,*,#864,.F.);
#1094=ORIENTED_EDGE('',*,*,#860,.T.);
#1095=ORIENTED_EDGE('',*,*,#865,.T.);
#1096=ORIENTED_EDGE('',*,*,#866,.T.);
#1097=ORIENTED_EDGE('',*,*,#865,.F.);
#1098=ORIENTED_EDGE('',*,*,#867,.F.);
#1099=ORIENTED_EDGE('',*,*,#868,.T.);
#1100=ORIENTED_EDGE('',*,*,#866,.F.);
#1101=ORIENTED_EDGE('',*,*,#868,.F.);
#1102=ORIENTED_EDGE('',*,*,#862,.T.);
#1103=ORIENTED_EDGE('',*,*,#869,.T.);
#1104=ORIENTED_EDGE('',*,*,#870,.T.);
#1105=ORIENTED_EDGE('',*,*,#869,.F.);
#1106=ORIENTED_EDGE('',*,*,#871,.F.);
#1107=ORIENTED_EDGE('',*,*,#872,.T.);
#1108=ORIENTED_EDGE('',*,*,#870,.F.);
#1109=ORIENTED_EDGE('',*,*,#872,.F.);
#1110=ORIENTED_EDGE('',*,*,#861,.T.);
#1111=ORIENTED_EDGE('',*,*,#873,.T.);
#1112=ORIENTED_EDGE('',*,*,#874,.T.);
#1113=ORIENTED_EDGE('',*,*,#873,.F.);
#1114=ORIENTED_EDGE('',*,*,#875,.F.);
#1115=ORIENTED_EDGE('',*,*,#876,.F.);
#1116=ORIENTED_EDGE('',*,*,#877,.T.);
#1117=ORIENTED_EDGE('',*,*,#874,.F.);
#1118=ORIENTED_EDGE('',*,*,#877,.F.);
#1119=ORIENTED_EDGE('',*,*,#878,.F.);
#1120=ORIENTED_EDGE('',*,*,#878,.T.);
#1121=ORIENTED_EDGE('',*,*,#876,.T.);
#1122=ORIENTED_EDGE('',*,*,#879,.F.);
#1123=ORIENTED_EDGE('',*,*,#880,.F.);
#1124=ORIENTED_EDGE('',*,*,#881,.T.);
#1125=ORIENTED_EDGE('',*,*,#882,.T.);
#1126=ORIENTED_EDGE('',*,*,#883,.T.);
#1127=ORIENTED_EDGE('',*,*,#884,.T.);
#1128=ORIENTED_EDGE('',*,*,#885,.T.);
#1129=ORIENTED_EDGE('',*,*,#886,.F.);
#1130=ORIENTED_EDGE('',*,*,#887,.T.);
#1131=ORIENTED_EDGE('',*,*,#888,.F.);
#1132=ORIENTED_EDGE('',*,*,#889,.F.);
#1133=ORIENTED_EDGE('',*,*,#890,.F.);
#1134=ORIENTED_EDGE('',*,*,#891,.T.);
#1135=ORIENTED_EDGE('',*,*,#892,.F.);
#1136=ORIENTED_EDGE('',*,*,#893,.F.);
#1137=ORIENTED_EDGE('',*,*,#894,.F.);
#1138=ORIENTED_EDGE('',*,*,#895,.F.);
#1139=ORIENTED_EDGE('',*,*,#896,.F.);
#1140=ORIENTED_EDGE('',*,*,#897,.F.);
#1141=ORIENTED_EDGE('',*,*,#898,.F.);
#1142=ORIENTED_EDGE('',*,*,#899,.F.);
#1143=ORIENTED_EDGE('',*,*,#900,.F.);
#1144=ORIENTED_EDGE('',*,*,#901,.F.);
#1145=ORIENTED_EDGE('',*,*,#902,.F.);
#1146=ORIENTED_EDGE('',*,*,#863,.T.);
#1147=ORIENTED_EDGE('',*,*,#867,.T.);
#1148=ORIENTED_EDGE('',*,*,#871,.T.);
#1149=ORIENTED_EDGE('',*,*,#903,.T.);
#1150=ORIENTED_EDGE('',*,*,#904,.T.);
#1151=ORIENTED_EDGE('',*,*,#905,.T.);
#1152=ORIENTED_EDGE('',*,*,#906,.T.);
#1153=ORIENTED_EDGE('',*,*,#880,.T.);
#1154=ORIENTED_EDGE('',*,*,#904,.F.);
#1155=ORIENTED_EDGE('',*,*,#907,.F.);
#1156=ORIENTED_EDGE('',*,*,#908,.F.);
#1157=ORIENTED_EDGE('',*,*,#909,.F.);
#1158=ORIENTED_EDGE('',*,*,#910,.F.);
#1159=ORIENTED_EDGE('',*,*,#911,.F.);
#1160=ORIENTED_EDGE('',*,*,#912,.F.);
#1161=ORIENTED_EDGE('',*,*,#913,.F.);
#1162=ORIENTED_EDGE('',*,*,#914,.F.);
#1163=ORIENTED_EDGE('',*,*,#915,.F.);
#1164=ORIENTED_EDGE('',*,*,#916,.F.);
#1165=ORIENTED_EDGE('',*,*,#891,.F.);
#1166=ORIENTED_EDGE('',*,*,#917,.F.);
#1167=ORIENTED_EDGE('',*,*,#918,.F.);
#1168=ORIENTED_EDGE('',*,*,#919,.F.);
#1169=ORIENTED_EDGE('',*,*,#920,.F.);
#1170=ORIENTED_EDGE('',*,*,#921,.F.);
#1171=ORIENTED_EDGE('',*,*,#922,.F.);
#1172=ORIENTED_EDGE('',*,*,#923,.F.);
#1173=ORIENTED_EDGE('',*,*,#924,.F.);
#1174=ORIENTED_EDGE('',*,*,#925,.F.);
#1175=ORIENTED_EDGE('',*,*,#926,.F.);
#1176=ORIENTED_EDGE('',*,*,#887,.F.);
#1177=ORIENTED_EDGE('',*,*,#927,.F.);
#1178=ORIENTED_EDGE('',*,*,#928,.F.);
#1179=ORIENTED_EDGE('',*,*,#875,.T.);
#1180=ORIENTED_EDGE('',*,*,#894,.T.);
#1181=ORIENTED_EDGE('',*,*,#929,.F.);
#1182=ORIENTED_EDGE('',*,*,#930,.T.);
#1183=ORIENTED_EDGE('',*,*,#907,.T.);
#1184=ORIENTED_EDGE('',*,*,#903,.F.);
#1185=ORIENTED_EDGE('',*,*,#879,.T.);
#1186=ORIENTED_EDGE('',*,*,#886,.T.);
#1187=ORIENTED_EDGE('',*,*,#931,.T.);
#1188=ORIENTED_EDGE('',*,*,#932,.T.);
#1189=ORIENTED_EDGE('',*,*,#927,.T.);
#1190=ORIENTED_EDGE('',*,*,#931,.F.);
#1191=ORIENTED_EDGE('',*,*,#885,.F.);
#1192=ORIENTED_EDGE('',*,*,#933,.F.);
#1193=ORIENTED_EDGE('',*,*,#934,.F.);
#1194=ORIENTED_EDGE('',*,*,#906,.F.);
#1195=ORIENTED_EDGE('',*,*,#935,.F.);
#1196=ORIENTED_EDGE('',*,*,#936,.T.);
#1197=ORIENTED_EDGE('',*,*,#881,.F.);
#1198=ORIENTED_EDGE('',*,*,#937,.F.);
#1199=ORIENTED_EDGE('',*,*,#938,.F.);
#1200=ORIENTED_EDGE('',*,*,#939,.F.);
#1201=ORIENTED_EDGE('',*,*,#940,.F.);
#1202=ORIENTED_EDGE('',*,*,#941,.F.);
#1203=ORIENTED_EDGE('',*,*,#942,.F.);
#1204=ORIENTED_EDGE('',*,*,#943,.F.);
#1205=ORIENTED_EDGE('',*,*,#944,.F.);
#1206=ORIENTED_EDGE('',*,*,#928,.T.);
#1207=ORIENTED_EDGE('',*,*,#932,.F.);
#1208=ORIENTED_EDGE('',*,*,#934,.T.);
#1209=ORIENTED_EDGE('',*,*,#945,.T.);
#1210=ORIENTED_EDGE('',*,*,#946,.T.);
#1211=ORIENTED_EDGE('',*,*,#947,.T.);
#1212=ORIENTED_EDGE('',*,*,#935,.T.);
#1213=ORIENTED_EDGE('',*,*,#905,.F.);
#1214=ORIENTED_EDGE('',*,*,#948,.F.);
#1215=ORIENTED_EDGE('',*,*,#925,.T.);
#1216=ORIENTED_EDGE('',*,*,#949,.F.);
#1217=ORIENTED_EDGE('',*,*,#950,.T.);
#1218=ORIENTED_EDGE('',*,*,#948,.T.);
#1219=ORIENTED_EDGE('',*,*,#951,.F.);
#1220=ORIENTED_EDGE('',*,*,#888,.T.);
#1221=ORIENTED_EDGE('',*,*,#926,.T.);
#1222=ORIENTED_EDGE('',*,*,#917,.T.);
#1223=ORIENTED_EDGE('',*,*,#890,.T.);
#1224=ORIENTED_EDGE('',*,*,#952,.T.);
#1225=ORIENTED_EDGE('',*,*,#953,.T.);
#1226=ORIENTED_EDGE('',*,*,#953,.F.);
#1227=ORIENTED_EDGE('',*,*,#954,.F.);
#1228=ORIENTED_EDGE('',*,*,#955,.F.);
#1229=ORIENTED_EDGE('',*,*,#918,.T.);
#1230=ORIENTED_EDGE('',*,*,#916,.T.);
#1231=ORIENTED_EDGE('',*,*,#956,.T.);
#1232=ORIENTED_EDGE('',*,*,#957,.T.);
#1233=ORIENTED_EDGE('',*,*,#892,.T.);
#1234=ORIENTED_EDGE('',*,*,#956,.F.);
#1235=ORIENTED_EDGE('',*,*,#915,.T.);
#1236=ORIENTED_EDGE('',*,*,#958,.F.);
#1237=ORIENTED_EDGE('',*,*,#959,.T.);
#1238=ORIENTED_EDGE('',*,*,#930,.F.);
#1239=ORIENTED_EDGE('',*,*,#960,.T.);
#1240=ORIENTED_EDGE('',*,*,#961,.T.);
#1241=ORIENTED_EDGE('',*,*,#908,.T.);
#1242=ORIENTED_EDGE('',*,*,#882,.F.);
#1243=ORIENTED_EDGE('',*,*,#936,.F.);
#1244=ORIENTED_EDGE('',*,*,#947,.F.);
#1245=ORIENTED_EDGE('',*,*,#962,.T.);
#1246=ORIENTED_EDGE('',*,*,#883,.F.);
#1247=ORIENTED_EDGE('',*,*,#962,.F.);
#1248=ORIENTED_EDGE('',*,*,#946,.F.);
#1249=ORIENTED_EDGE('',*,*,#963,.T.);
#1250=ORIENTED_EDGE('',*,*,#884,.F.);
#1251=ORIENTED_EDGE('',*,*,#963,.F.);
#1252=ORIENTED_EDGE('',*,*,#945,.F.);
#1253=ORIENTED_EDGE('',*,*,#933,.T.);
#1254=ORIENTED_EDGE('',*,*,#940,.T.);
#1255=ORIENTED_EDGE('',*,*,#964,.F.);
#1256=ORIENTED_EDGE('',*,*,#857,.F.);
#1257=ORIENTED_EDGE('',*,*,#965,.T.);
#1258=ORIENTED_EDGE('',*,*,#939,.T.);
#1259=ORIENTED_EDGE('',*,*,#966,.F.);
#1260=ORIENTED_EDGE('',*,*,#858,.F.);
#1261=ORIENTED_EDGE('',*,*,#964,.T.);
#1262=ORIENTED_EDGE('',*,*,#938,.T.);
#1263=ORIENTED_EDGE('',*,*,#967,.F.);
#1264=ORIENTED_EDGE('',*,*,#859,.F.);
#1265=ORIENTED_EDGE('',*,*,#966,.T.);
#1266=ORIENTED_EDGE('',*,*,#937,.T.);
#1267=ORIENTED_EDGE('',*,*,#968,.T.);
#1268=ORIENTED_EDGE('',*,*,#852,.F.);
#1269=ORIENTED_EDGE('',*,*,#967,.T.);
#1270=ORIENTED_EDGE('',*,*,#895,.T.);
#1271=ORIENTED_EDGE('',*,*,#969,.T.);
#1272=ORIENTED_EDGE('',*,*,#970,.T.);
#1273=ORIENTED_EDGE('',*,*,#971,.F.);
#1274=ORIENTED_EDGE('',*,*,#898,.T.);
#1275=ORIENTED_EDGE('',*,*,#972,.T.);
#1276=ORIENTED_EDGE('',*,*,#973,.T.);
#1277=ORIENTED_EDGE('',*,*,#969,.F.);
#1278=ORIENTED_EDGE('',*,*,#974,.T.);
#1279=ORIENTED_EDGE('',*,*,#975,.T.);
#1280=ORIENTED_EDGE('',*,*,#896,.T.);
#1281=ORIENTED_EDGE('',*,*,#971,.T.);
#1282=ORIENTED_EDGE('',*,*,#897,.T.);
#1283=ORIENTED_EDGE('',*,*,#975,.F.);
#1284=ORIENTED_EDGE('',*,*,#976,.T.);
#1285=ORIENTED_EDGE('',*,*,#972,.F.);
#1286=ORIENTED_EDGE('',*,*,#974,.F.);
#1287=ORIENTED_EDGE('',*,*,#977,.F.);
#1288=ORIENTED_EDGE('',*,*,#978,.T.);
#1289=ORIENTED_EDGE('',*,*,#979,.T.);
#1290=ORIENTED_EDGE('',*,*,#980,.F.);
#1291=ORIENTED_EDGE('',*,*,#981,.T.);
#1292=ORIENTED_EDGE('',*,*,#970,.F.);
#1293=ORIENTED_EDGE('',*,*,#982,.F.);
#1294=ORIENTED_EDGE('',*,*,#983,.F.);
#1295=ORIENTED_EDGE('',*,*,#977,.T.);
#1296=ORIENTED_EDGE('',*,*,#899,.T.);
#1297=ORIENTED_EDGE('',*,*,#984,.T.);
#1298=ORIENTED_EDGE('',*,*,#985,.T.);
#1299=ORIENTED_EDGE('',*,*,#986,.T.);
#1300=ORIENTED_EDGE('',*,*,#902,.T.);
#1301=ORIENTED_EDGE('',*,*,#987,.T.);
#1302=ORIENTED_EDGE('',*,*,#988,.T.);
#1303=ORIENTED_EDGE('',*,*,#984,.F.);
#1304=ORIENTED_EDGE('',*,*,#989,.T.);
#1305=ORIENTED_EDGE('',*,*,#987,.F.);
#1306=ORIENTED_EDGE('',*,*,#901,.T.);
#1307=ORIENTED_EDGE('',*,*,#990,.T.);
#1308=ORIENTED_EDGE('',*,*,#900,.T.);
#1309=ORIENTED_EDGE('',*,*,#986,.F.);
#1310=ORIENTED_EDGE('',*,*,#991,.T.);
#1311=ORIENTED_EDGE('',*,*,#990,.F.);
#1312=ORIENTED_EDGE('',*,*,#991,.F.);
#1313=ORIENTED_EDGE('',*,*,#992,.F.);
#1314=ORIENTED_EDGE('',*,*,#993,.T.);
#1315=ORIENTED_EDGE('',*,*,#994,.T.);
#1316=ORIENTED_EDGE('',*,*,#985,.F.);
#1317=ORIENTED_EDGE('',*,*,#995,.T.);
#1318=ORIENTED_EDGE('',*,*,#996,.F.);
#1319=ORIENTED_EDGE('',*,*,#997,.F.);
#1320=ORIENTED_EDGE('',*,*,#998,.T.);
#1321=ORIENTED_EDGE('',*,*,#992,.T.);
#1322=ORIENTED_EDGE('',*,*,#893,.T.);
#1323=ORIENTED_EDGE('',*,*,#957,.F.);
#1324=ORIENTED_EDGE('',*,*,#999,.T.);
#1325=ORIENTED_EDGE('',*,*,#929,.T.);
#1326=ORIENTED_EDGE('',*,*,#889,.T.);
#1327=ORIENTED_EDGE('',*,*,#951,.T.);
#1328=ORIENTED_EDGE('',*,*,#1000,.T.);
#1329=ORIENTED_EDGE('',*,*,#952,.F.);
#1330=ORIENTED_EDGE('',*,*,#1001,.T.);
#1331=ORIENTED_EDGE('',*,*,#1002,.T.);
#1332=ORIENTED_EDGE('',*,*,#1003,.T.);
#1333=ORIENTED_EDGE('',*,*,#1004,.F.);
#1334=ORIENTED_EDGE('',*,*,#1005,.F.);
#1335=ORIENTED_EDGE('',*,*,#1006,.T.);
#1336=ORIENTED_EDGE('',*,*,#1007,.T.);
#1337=ORIENTED_EDGE('',*,*,#1008,.F.);
#1338=ORIENTED_EDGE('',*,*,#1009,.F.);
#1339=ORIENTED_EDGE('',*,*,#1004,.T.);
#1340=ORIENTED_EDGE('',*,*,#1010,.T.);
#1341=ORIENTED_EDGE('',*,*,#1011,.F.);
#1342=ORIENTED_EDGE('',*,*,#1012,.T.);
#1343=ORIENTED_EDGE('',*,*,#1008,.T.);
#1344=ORIENTED_EDGE('',*,*,#1013,.T.);
#1345=ORIENTED_EDGE('',*,*,#1014,.F.);
#1346=ORIENTED_EDGE('',*,*,#1015,.T.);
#1347=ORIENTED_EDGE('',*,*,#1011,.T.);
#1348=ORIENTED_EDGE('',*,*,#1016,.F.);
#1349=ORIENTED_EDGE('',*,*,#1005,.T.);
#1350=ORIENTED_EDGE('',*,*,#1009,.T.);
#1351=ORIENTED_EDGE('',*,*,#1012,.F.);
#1352=ORIENTED_EDGE('',*,*,#1015,.F.);
#1353=ORIENTED_EDGE('',*,*,#1017,.F.);
#1354=ORIENTED_EDGE('',*,*,#1007,.F.);
#1355=ORIENTED_EDGE('',*,*,#1003,.F.);
#1356=ORIENTED_EDGE('',*,*,#1018,.F.);
#1357=ORIENTED_EDGE('',*,*,#1013,.F.);
#1358=ORIENTED_EDGE('',*,*,#1010,.F.);
#1359=ORIENTED_EDGE('',*,*,#1016,.T.);
#1360=ORIENTED_EDGE('',*,*,#1019,.T.);
#1361=ORIENTED_EDGE('',*,*,#980,.T.);
#1362=ORIENTED_EDGE('',*,*,#1020,.T.);
#1363=ORIENTED_EDGE('',*,*,#979,.F.);
#1364=ORIENTED_EDGE('',*,*,#1021,.F.);
#1365=ORIENTED_EDGE('',*,*,#1022,.T.);
#1366=ORIENTED_EDGE('',*,*,#1006,.F.);
#1367=ORIENTED_EDGE('',*,*,#1020,.F.);
#1368=ORIENTED_EDGE('',*,*,#973,.F.);
#1369=ORIENTED_EDGE('',*,*,#1023,.F.);
#1370=ORIENTED_EDGE('',*,*,#1001,.F.);
#1371=ORIENTED_EDGE('',*,*,#1022,.F.);
#1372=ORIENTED_EDGE('',*,*,#1024,.T.);
#1373=ORIENTED_EDGE('',*,*,#982,.T.);
#1374=ORIENTED_EDGE('',*,*,#976,.F.);
#1375=ORIENTED_EDGE('',*,*,#981,.F.);
#1376=ORIENTED_EDGE('',*,*,#1019,.F.);
#1377=ORIENTED_EDGE('',*,*,#1017,.T.);
#1378=ORIENTED_EDGE('',*,*,#1014,.T.);
#1379=ORIENTED_EDGE('',*,*,#1018,.T.);
#1380=ORIENTED_EDGE('',*,*,#1002,.F.);
#1381=ORIENTED_EDGE('',*,*,#1023,.T.);
#1382=ORIENTED_EDGE('',*,*,#1021,.T.);
#1383=ORIENTED_EDGE('',*,*,#978,.F.);
#1384=ORIENTED_EDGE('',*,*,#983,.T.);
#1385=ORIENTED_EDGE('',*,*,#1024,.F.);
#1386=ORIENTED_EDGE('',*,*,#1025,.F.);
#1387=ORIENTED_EDGE('',*,*,#1026,.T.);
#1388=ORIENTED_EDGE('',*,*,#1027,.T.);
#1389=ORIENTED_EDGE('',*,*,#921,.T.);
#1390=ORIENTED_EDGE('',*,*,#1028,.T.);
#1391=ORIENTED_EDGE('',*,*,#1029,.T.);
#1392=ORIENTED_EDGE('',*,*,#922,.T.);
#1393=ORIENTED_EDGE('',*,*,#1027,.F.);
#1394=ORIENTED_EDGE('',*,*,#1030,.T.);
#1395=ORIENTED_EDGE('',*,*,#1031,.T.);
#1396=ORIENTED_EDGE('',*,*,#923,.T.);
#1397=ORIENTED_EDGE('',*,*,#1029,.F.);
#1398=ORIENTED_EDGE('',*,*,#1032,.T.);
#1399=ORIENTED_EDGE('',*,*,#949,.T.);
#1400=ORIENTED_EDGE('',*,*,#924,.T.);
#1401=ORIENTED_EDGE('',*,*,#1031,.F.);
#1402=ORIENTED_EDGE('',*,*,#1033,.F.);
#1403=ORIENTED_EDGE('',*,*,#1034,.T.);
#1404=ORIENTED_EDGE('',*,*,#1025,.T.);
#1405=ORIENTED_EDGE('',*,*,#920,.T.);
#1406=ORIENTED_EDGE('',*,*,#1000,.F.);
#1407=ORIENTED_EDGE('',*,*,#950,.F.);
#1408=ORIENTED_EDGE('',*,*,#1032,.F.);
#1409=ORIENTED_EDGE('',*,*,#1030,.F.);
#1410=ORIENTED_EDGE('',*,*,#1028,.F.);
#1411=ORIENTED_EDGE('',*,*,#1026,.F.);
#1412=ORIENTED_EDGE('',*,*,#1034,.F.);
#1413=ORIENTED_EDGE('',*,*,#1035,.T.);
#1414=ORIENTED_EDGE('',*,*,#954,.T.);
#1415=ORIENTED_EDGE('',*,*,#1033,.T.);
#1416=ORIENTED_EDGE('',*,*,#919,.T.);
#1417=ORIENTED_EDGE('',*,*,#955,.T.);
#1418=ORIENTED_EDGE('',*,*,#1035,.F.);
#1419=ORIENTED_EDGE('',*,*,#1036,.T.);
#1420=ORIENTED_EDGE('',*,*,#1037,.T.);
#1421=ORIENTED_EDGE('',*,*,#958,.T.);
#1422=ORIENTED_EDGE('',*,*,#914,.T.);
#1423=ORIENTED_EDGE('',*,*,#999,.F.);
#1424=ORIENTED_EDGE('',*,*,#959,.F.);
#1425=ORIENTED_EDGE('',*,*,#1037,.F.);
#1426=ORIENTED_EDGE('',*,*,#1038,.T.);
#1427=ORIENTED_EDGE('',*,*,#1039,.T.);
#1428=ORIENTED_EDGE('',*,*,#1040,.T.);
#1429=ORIENTED_EDGE('',*,*,#1041,.F.);
#1430=ORIENTED_EDGE('',*,*,#1042,.F.);
#1431=ORIENTED_EDGE('',*,*,#960,.F.);
#1432=ORIENTED_EDGE('',*,*,#1038,.F.);
#1433=ORIENTED_EDGE('',*,*,#1036,.F.);
#1434=ORIENTED_EDGE('',*,*,#913,.T.);
#1435=ORIENTED_EDGE('',*,*,#1043,.F.);
#1436=ORIENTED_EDGE('',*,*,#961,.F.);
#1437=ORIENTED_EDGE('',*,*,#1042,.T.);
#1438=ORIENTED_EDGE('',*,*,#1044,.T.);
#1439=ORIENTED_EDGE('',*,*,#909,.T.);
#1440=ORIENTED_EDGE('',*,*,#1044,.F.);
#1441=ORIENTED_EDGE('',*,*,#1041,.T.);
#1442=ORIENTED_EDGE('',*,*,#1045,.T.);
#1443=ORIENTED_EDGE('',*,*,#910,.T.);
#1444=ORIENTED_EDGE('',*,*,#1045,.F.);
#1445=ORIENTED_EDGE('',*,*,#1040,.F.);
#1446=ORIENTED_EDGE('',*,*,#1046,.T.);
#1447=ORIENTED_EDGE('',*,*,#911,.T.);
#1448=ORIENTED_EDGE('',*,*,#1043,.T.);
#1449=ORIENTED_EDGE('',*,*,#912,.T.);
#1450=ORIENTED_EDGE('',*,*,#1046,.F.);
#1451=ORIENTED_EDGE('',*,*,#1039,.F.);
#1452=ORIENTED_EDGE('',*,*,#1047,.T.);
#1453=ORIENTED_EDGE('',*,*,#1048,.T.);
#1454=ORIENTED_EDGE('',*,*,#1049,.T.);
#1455=ORIENTED_EDGE('',*,*,#1050,.F.);
#1456=ORIENTED_EDGE('',*,*,#1051,.F.);
#1457=ORIENTED_EDGE('',*,*,#1052,.T.);
#1458=ORIENTED_EDGE('',*,*,#1053,.T.);
#1459=ORIENTED_EDGE('',*,*,#1054,.F.);
#1460=ORIENTED_EDGE('',*,*,#1055,.F.);
#1461=ORIENTED_EDGE('',*,*,#1050,.T.);
#1462=ORIENTED_EDGE('',*,*,#1056,.T.);
#1463=ORIENTED_EDGE('',*,*,#1057,.F.);
#1464=ORIENTED_EDGE('',*,*,#1058,.T.);
#1465=ORIENTED_EDGE('',*,*,#1054,.T.);
#1466=ORIENTED_EDGE('',*,*,#1059,.T.);
#1467=ORIENTED_EDGE('',*,*,#1060,.T.);
#1468=ORIENTED_EDGE('',*,*,#1061,.T.);
#1469=ORIENTED_EDGE('',*,*,#1057,.T.);
#1470=ORIENTED_EDGE('',*,*,#1051,.T.);
#1471=ORIENTED_EDGE('',*,*,#1055,.T.);
#1472=ORIENTED_EDGE('',*,*,#1058,.F.);
#1473=ORIENTED_EDGE('',*,*,#1061,.F.);
#1474=ORIENTED_EDGE('',*,*,#1062,.T.);
#1475=ORIENTED_EDGE('',*,*,#1053,.F.);
#1476=ORIENTED_EDGE('',*,*,#1049,.F.);
#1477=ORIENTED_EDGE('',*,*,#1063,.F.);
#1478=ORIENTED_EDGE('',*,*,#1064,.T.);
#1479=ORIENTED_EDGE('',*,*,#1059,.F.);
#1480=ORIENTED_EDGE('',*,*,#1056,.F.);
#1481=ORIENTED_EDGE('',*,*,#1063,.T.);
#1482=ORIENTED_EDGE('',*,*,#1065,.T.);
#1483=ORIENTED_EDGE('',*,*,#996,.T.);
#1484=ORIENTED_EDGE('',*,*,#1066,.T.);
#1485=ORIENTED_EDGE('',*,*,#1067,.F.);
#1486=ORIENTED_EDGE('',*,*,#1068,.F.);
#1487=ORIENTED_EDGE('',*,*,#997,.T.);
#1488=ORIENTED_EDGE('',*,*,#1065,.F.);
#1489=ORIENTED_EDGE('',*,*,#1048,.F.);
#1490=ORIENTED_EDGE('',*,*,#988,.F.);
#1491=ORIENTED_EDGE('',*,*,#1069,.T.);
#1492=ORIENTED_EDGE('',*,*,#1052,.F.);
#1493=ORIENTED_EDGE('',*,*,#1062,.F.);
#1494=ORIENTED_EDGE('',*,*,#1060,.F.);
#1495=ORIENTED_EDGE('',*,*,#1064,.F.);
#1496=ORIENTED_EDGE('',*,*,#1066,.F.);
#1497=ORIENTED_EDGE('',*,*,#995,.F.);
#1498=ORIENTED_EDGE('',*,*,#989,.F.);
#1499=ORIENTED_EDGE('',*,*,#994,.F.);
#1500=ORIENTED_EDGE('',*,*,#1070,.T.);
#1501=ORIENTED_EDGE('',*,*,#1067,.T.);
#1502=ORIENTED_EDGE('',*,*,#1047,.F.);
#1503=ORIENTED_EDGE('',*,*,#1069,.F.);
#1504=ORIENTED_EDGE('',*,*,#1068,.T.);
#1505=ORIENTED_EDGE('',*,*,#1070,.F.);
#1506=ORIENTED_EDGE('',*,*,#993,.F.);
#1507=ORIENTED_EDGE('',*,*,#998,.F.);
#1508=ORIENTED_EDGE('',*,*,#941,.T.);
#1509=ORIENTED_EDGE('',*,*,#965,.F.);
#1510=ORIENTED_EDGE('',*,*,#856,.F.);
#1511=ORIENTED_EDGE('',*,*,#1071,.T.);
#1512=ORIENTED_EDGE('',*,*,#942,.T.);
#1513=ORIENTED_EDGE('',*,*,#1071,.F.);
#1514=ORIENTED_EDGE('',*,*,#855,.F.);
#1515=ORIENTED_EDGE('',*,*,#1072,.T.);
#1516=ORIENTED_EDGE('',*,*,#943,.T.);
#1517=ORIENTED_EDGE('',*,*,#1072,.F.);
#1518=ORIENTED_EDGE('',*,*,#854,.F.);
#1519=ORIENTED_EDGE('',*,*,#1073,.T.);
#1520=ORIENTED_EDGE('',*,*,#944,.T.);
#1521=ORIENTED_EDGE('',*,*,#1073,.F.);
#1522=ORIENTED_EDGE('',*,*,#853,.F.);
#1523=ORIENTED_EDGE('',*,*,#968,.F.);
#1524=CONICAL_SURFACE('',#1627,1.775,0.78539816339745);
#1525=CONICAL_SURFACE('',#1640,1.775,0.78539816339745);
#1526=CONICAL_SURFACE('',#1644,1.775,0.785398163397448);
#1527=CONICAL_SURFACE('',#1648,1.775,0.785398163397448);
#1528=ADVANCED_FACE('',(#108),#1524,.F.);
#1529=ADVANCED_FACE('',(#109,#29,#30,#31,#32),#39,.F.);
#1530=ADVANCED_FACE('',(#110),#17,.F.);
#1531=ADVANCED_FACE('',(#111),#1525,.F.);
#1532=ADVANCED_FACE('',(#112),#18,.F.);
#1533=ADVANCED_FACE('',(#113),#1526,.F.);
#1534=ADVANCED_FACE('',(#114),#19,.F.);
#1535=ADVANCED_FACE('',(#115),#1527,.F.);
#1536=ADVANCED_FACE('',(#116),#20,.F.);
#1537=ADVANCED_FACE('',(#117,#33,#34,#35,#36,#37),#40,.T.);
#1538=ADVANCED_FACE('',(#118),#21,.T.);
#1539=ADVANCED_FACE('',(#119),#41,.T.);
#1540=ADVANCED_FACE('',(#120),#42,.T.);
#1541=ADVANCED_FACE('',(#121),#22,.T.);
#1542=ADVANCED_FACE('',(#122),#43,.F.);
#1543=ADVANCED_FACE('',(#123),#44,.F.);
#1544=ADVANCED_FACE('',(#124,#38),#45,.T.);
#1545=ADVANCED_FACE('',(#125),#46,.T.);
#1546=ADVANCED_FACE('',(#126),#47,.T.);
#1547=ADVANCED_FACE('',(#127),#48,.T.);
#1548=ADVANCED_FACE('',(#128),#49,.T.);
#1549=ADVANCED_FACE('',(#129),#50,.T.);
#1550=ADVANCED_FACE('',(#130),#51,.T.);
#1551=ADVANCED_FACE('',(#131),#52,.T.);
#1552=ADVANCED_FACE('',(#132),#23,.T.);
#1553=ADVANCED_FACE('',(#133),#53,.F.);
#1554=ADVANCED_FACE('',(#134),#24,.T.);
#1555=ADVANCED_FACE('',(#135),#54,.T.);
#1556=ADVANCED_FACE('',(#136),#25,.T.);
#1557=ADVANCED_FACE('',(#137),#55,.T.);
#1558=ADVANCED_FACE('',(#138),#26,.T.);
#1559=ADVANCED_FACE('',(#139),#56,.T.);
#1560=ADVANCED_FACE('',(#140),#57,.T.);
#1561=ADVANCED_FACE('',(#141),#58,.T.);
#1562=ADVANCED_FACE('',(#142),#59,.T.);
#1563=ADVANCED_FACE('',(#143),#60,.T.);
#1564=ADVANCED_FACE('',(#144),#61,.T.);
#1565=ADVANCED_FACE('',(#145),#62,.T.);
#1566=ADVANCED_FACE('',(#146),#63,.T.);
#1567=ADVANCED_FACE('',(#147),#64,.T.);
#1568=ADVANCED_FACE('',(#148),#65,.T.);
#1569=ADVANCED_FACE('',(#149),#66,.T.);
#1570=ADVANCED_FACE('',(#150),#67,.T.);
#1571=ADVANCED_FACE('',(#151),#68,.T.);
#1572=ADVANCED_FACE('',(#152),#69,.T.);
#1573=ADVANCED_FACE('',(#153),#70,.T.);
#1574=ADVANCED_FACE('',(#154),#71,.T.);
#1575=ADVANCED_FACE('',(#155),#72,.T.);
#1576=ADVANCED_FACE('',(#156),#73,.T.);
#1577=ADVANCED_FACE('',(#157),#74,.T.);
#1578=ADVANCED_FACE('',(#158),#75,.T.);
#1579=ADVANCED_FACE('',(#159),#76,.T.);
#1580=ADVANCED_FACE('',(#160),#77,.T.);
#1581=ADVANCED_FACE('',(#161),#78,.T.);
#1582=ADVANCED_FACE('',(#162),#79,.T.);
#1583=ADVANCED_FACE('',(#163),#80,.F.);
#1584=ADVANCED_FACE('',(#164),#81,.T.);
#1585=ADVANCED_FACE('',(#165),#82,.T.);
#1586=ADVANCED_FACE('',(#166),#83,.T.);
#1587=ADVANCED_FACE('',(#167),#84,.T.);
#1588=ADVANCED_FACE('',(#168),#85,.T.);
#1589=ADVANCED_FACE('',(#169),#86,.T.);
#1590=ADVANCED_FACE('',(#170),#87,.F.);
#1591=ADVANCED_FACE('',(#171),#88,.F.);
#1592=ADVANCED_FACE('',(#172),#89,.T.);
#1593=ADVANCED_FACE('',(#173),#90,.T.);
#1594=ADVANCED_FACE('',(#174),#91,.T.);
#1595=ADVANCED_FACE('',(#175),#92,.T.);
#1596=ADVANCED_FACE('',(#176),#93,.T.);
#1597=ADVANCED_FACE('',(#177),#94,.T.);
#1598=ADVANCED_FACE('',(#178),#95,.T.);
#1599=ADVANCED_FACE('',(#179),#96,.T.);
#1600=ADVANCED_FACE('',(#180),#97,.T.);
#1601=ADVANCED_FACE('',(#181),#98,.T.);
#1602=ADVANCED_FACE('',(#182),#99,.T.);
#1603=ADVANCED_FACE('',(#183),#100,.T.);
#1604=ADVANCED_FACE('',(#184),#101,.T.);
#1605=ADVANCED_FACE('',(#185),#102,.T.);
#1606=ADVANCED_FACE('',(#186),#103,.T.);
#1607=ADVANCED_FACE('',(#187),#104,.T.);
#1608=ADVANCED_FACE('',(#188),#105,.F.);
#1609=ADVANCED_FACE('',(#189),#27,.T.);
#1610=ADVANCED_FACE('',(#190),#106,.T.);
#1611=ADVANCED_FACE('',(#191),#28,.T.);
#1612=ADVANCED_FACE('',(#192),#107,.T.);
#1613=CLOSED_SHELL('',(#1528,#1529,#1530,#1531,#1532,#1533,#1534,#1535,
#1536,#1537,#1538,#1539,#1540,#1541,#1542,#1543,#1544,#1545,#1546,#1547,
#1548,#1549,#1550,#1551,#1552,#1553,#1554,#1555,#1556,#1557,#1558,#1559,
#1560,#1561,#1562,#1563,#1564,#1565,#1566,#1567,#1568,#1569,#1570,#1571,
#1572,#1573,#1574,#1575,#1576,#1577,#1578,#1579,#1580,#1581,#1582,#1583,
#1584,#1585,#1586,#1587,#1588,#1589,#1590,#1591,#1592,#1593,#1594,#1595,
#1596,#1597,#1598,#1599,#1600,#1601,#1602,#1603,#1604,#1605,#1606,#1607,
#1608,#1609,#1610,#1611,#1612));
#1614=DERIVED_UNIT_ELEMENT(#1616,1.);
#1615=DERIVED_UNIT_ELEMENT(#2631,-3.);
#1616=(
MASS_UNIT()
NAMED_UNIT(*)
SI_UNIT(.KILO.,.GRAM.)
);
#1617=DERIVED_UNIT((#1614,#1615));
#1618=MEASURE_REPRESENTATION_ITEM('density measure',
POSITIVE_RATIO_MEASURE(1060.),#1617);
#1619=PROPERTY_DEFINITION_REPRESENTATION(#1624,#1621);
#1620=PROPERTY_DEFINITION_REPRESENTATION(#1625,#1622);
#1621=REPRESENTATION('material name',(#1623),#2628);
#1622=REPRESENTATION('density',(#1618),#2628);
#1623=DESCRIPTIVE_REPRESENTATION_ITEM('ABS Plastic','ABS Plastic');
#1624=PROPERTY_DEFINITION('material property','material name',#2638);
#1625=PROPERTY_DEFINITION('material property','density of part',#2638);
#1626=AXIS2_PLACEMENT_3D('',#2171,#1743,#1744);
#1627=AXIS2_PLACEMENT_3D('',#2172,#1745,#1746);
#1628=AXIS2_PLACEMENT_3D('',#2174,#1747,#1748);
#1629=AXIS2_PLACEMENT_3D('',#2177,#1750,#1751);
#1630=AXIS2_PLACEMENT_3D('',#2178,#1752,#1753);
#1631=AXIS2_PLACEMENT_3D('',#2181,#1754,#1755);
#1632=AXIS2_PLACEMENT_3D('',#2185,#1757,#1758);
#1633=AXIS2_PLACEMENT_3D('',#2189,#1760,#1761);
#1634=AXIS2_PLACEMENT_3D('',#2193,#1763,#1764);
#1635=AXIS2_PLACEMENT_3D('',#2196,#1766,#1767);
#1636=AXIS2_PLACEMENT_3D('',#2198,#1768,#1769);
#1637=AXIS2_PLACEMENT_3D('',#2200,#1770,#1771);
#1638=AXIS2_PLACEMENT_3D('',#2201,#1772,#1773);
#1639=AXIS2_PLACEMENT_3D('',#2203,#1774,#1775);
#1640=AXIS2_PLACEMENT_3D('',#2205,#1777,#1778);
#1641=AXIS2_PLACEMENT_3D('',#2208,#1780,#1781);
#1642=AXIS2_PLACEMENT_3D('',#2209,#1782,#1783);
#1643=AXIS2_PLACEMENT_3D('',#2211,#1784,#1785);
#1644=AXIS2_PLACEMENT_3D('',#2213,#1787,#1788);
#1645=AXIS2_PLACEMENT_3D('',#2216,#1790,#1791);
#1646=AXIS2_PLACEMENT_3D('',#2217,#1792,#1793);
#1647=AXIS2_PLACEMENT_3D('',#2219,#1794,#1795);
#1648=AXIS2_PLACEMENT_3D('',#2221,#1797,#1798);
#1649=AXIS2_PLACEMENT_3D('',#2224,#1800,#1801);
#1650=AXIS2_PLACEMENT_3D('',#2225,#1802,#1803);
#1651=AXIS2_PLACEMENT_3D('',#2228,#1804,#1805);
#1652=AXIS2_PLACEMENT_3D('',#2230,#1806,#1807);
#1653=AXIS2_PLACEMENT_3D('',#2232,#1809,#1810);
#1654=AXIS2_PLACEMENT_3D('',#2233,#1811,#1812);
#1655=AXIS2_PLACEMENT_3D('',#2237,#1814,#1815);
#1656=AXIS2_PLACEMENT_3D('',#2241,#1817,#1818);
#1657=AXIS2_PLACEMENT_3D('',#2245,#1820,#1821);
#1658=AXIS2_PLACEMENT_3D('',#2249,#1823,#1824);
#1659=AXIS2_PLACEMENT_3D('',#2281,#1841,#1842);
#1660=AXIS2_PLACEMENT_3D('',#2283,#1843,#1844);
#1661=AXIS2_PLACEMENT_3D('',#2287,#1846,#1847);
#1662=AXIS2_PLACEMENT_3D('',#2289,#1849,#1850);
#1663=AXIS2_PLACEMENT_3D('',#2331,#1873,#1874);
#1664=AXIS2_PLACEMENT_3D('',#2335,#1877,#1878);
#1665=AXIS2_PLACEMENT_3D('',#2338,#1880,#1881);
#1666=AXIS2_PLACEMENT_3D('',#2339,#1882,#1883);
#1667=AXIS2_PLACEMENT_3D('',#2343,#1886,#1887);
#1668=AXIS2_PLACEMENT_3D('',#2347,#1890,#1891);
#1669=AXIS2_PLACEMENT_3D('',#2350,#1892,#1893);
#1670=AXIS2_PLACEMENT_3D('',#2354,#1895,#1896);
#1671=AXIS2_PLACEMENT_3D('',#2358,#1898,#1899);
#1672=AXIS2_PLACEMENT_3D('',#2362,#1901,#1902);
#1673=AXIS2_PLACEMENT_3D('',#2365,#1904,#1905);
#1674=AXIS2_PLACEMENT_3D('',#2368,#1907,#1908);
#1675=AXIS2_PLACEMENT_3D('',#2369,#1909,#1910);
#1676=AXIS2_PLACEMENT_3D('',#2375,#1914,#1915);
#1677=AXIS2_PLACEMENT_3D('',#2377,#1917,#1918);
#1678=AXIS2_PLACEMENT_3D('',#2381,#1921,#1922);
#1679=AXIS2_PLACEMENT_3D('',#2385,#1925,#1926);
#1680=AXIS2_PLACEMENT_3D('',#2389,#1929,#1930);
#1681=AXIS2_PLACEMENT_3D('',#2393,#1933,#1934);
#1682=AXIS2_PLACEMENT_3D('',#2397,#1937,#1938);
#1683=AXIS2_PLACEMENT_3D('',#2399,#1940,#1941);
#1684=AXIS2_PLACEMENT_3D('',#2401,#1943,#1944);
#1685=AXIS2_PLACEMENT_3D('',#2402,#1945,#1946);
#1686=AXIS2_PLACEMENT_3D('',#2405,#1949,#1950);
#1687=AXIS2_PLACEMENT_3D('',#2407,#1952,#1953);
#1688=AXIS2_PLACEMENT_3D('',#2409,#1955,#1956);
#1689=AXIS2_PLACEMENT_3D('',#2411,#1958,#1959);
#1690=AXIS2_PLACEMENT_3D('',#2417,#1963,#1964);
#1691=AXIS2_PLACEMENT_3D('',#2421,#1967,#1968);
#1692=AXIS2_PLACEMENT_3D('',#2425,#1971,#1972);
#1693=AXIS2_PLACEMENT_3D('',#2427,#1974,#1975);
#1694=AXIS2_PLACEMENT_3D('',#2437,#1981,#1982);
#1695=AXIS2_PLACEMENT_3D('',#2441,#1985,#1986);
#1696=AXIS2_PLACEMENT_3D('',#2447,#1990,#1991);
#1697=AXIS2_PLACEMENT_3D('',#2451,#1994,#1995);
#1698=AXIS2_PLACEMENT_3D('',#2455,#1998,#1999);
#1699=AXIS2_PLACEMENT_3D('',#2457,#2001,#2002);
#1700=AXIS2_PLACEMENT_3D('',#2463,#2006,#2007);
#1701=AXIS2_PLACEMENT_3D('',#2471,#2012,#2013);
#1702=AXIS2_PLACEMENT_3D('',#2473,#2015,#2016);
#1703=AXIS2_PLACEMENT_3D('',#2475,#2018,#2019);
#1704=AXIS2_PLACEMENT_3D('',#2488,#2026,#2027);
#1705=AXIS2_PLACEMENT_3D('',#2494,#2031,#2032);
#1706=AXIS2_PLACEMENT_3D('',#2500,#2036,#2037);
#1707=AXIS2_PLACEMENT_3D('',#2506,#2041,#2042);
#1708=AXIS2_PLACEMENT_3D('',#2510,#2045,#2046);
#1709=AXIS2_PLACEMENT_3D('',#2512,#2048,#2049);
#1710=AXIS2_PLACEMENT_3D('',#2515,#2052,#2053);
#1711=AXIS2_PLACEMENT_3D('',#2519,#2056,#2057);
#1712=AXIS2_PLACEMENT_3D('',#2522,#2060,#2061);
#1713=AXIS2_PLACEMENT_3D('',#2523,#2062,#2063);
#1714=AXIS2_PLACEMENT_3D('',#2524,#2064,#2065);
#1715=AXIS2_PLACEMENT_3D('',#2530,#2069,#2070);
#1716=AXIS2_PLACEMENT_3D('',#2534,#2073,#2074);
#1717=AXIS2_PLACEMENT_3D('',#2538,#2077,#2078);
#1718=AXIS2_PLACEMENT_3D('',#2540,#2080,#2081);
#1719=AXIS2_PLACEMENT_3D('',#2544,#2084,#2085);
#1720=AXIS2_PLACEMENT_3D('',#2546,#2087,#2088);
#1721=AXIS2_PLACEMENT_3D('',#2547,#2089,#2090);
#1722=AXIS2_PLACEMENT_3D('',#2551,#2093,#2094);
#1723=AXIS2_PLACEMENT_3D('',#2561,#2100,#2101);
#1724=AXIS2_PLACEMENT_3D('',#2563,#2103,#2104);
#1725=AXIS2_PLACEMENT_3D('',#2565,#2106,#2107);
#1726=AXIS2_PLACEMENT_3D('',#2567,#2109,#2110);
#1727=AXIS2_PLACEMENT_3D('',#2569,#2112,#2113);
#1728=AXIS2_PLACEMENT_3D('',#2570,#2114,#2115);
#1729=AXIS2_PLACEMENT_3D('',#2583,#2122,#2123);
#1730=AXIS2_PLACEMENT_3D('',#2589,#2127,#2128);
#1731=AXIS2_PLACEMENT_3D('',#2595,#2132,#2133);
#1732=AXIS2_PLACEMENT_3D('',#2601,#2137,#2138);
#1733=AXIS2_PLACEMENT_3D('',#2603,#2140,#2141);
#1734=AXIS2_PLACEMENT_3D('',#2607,#2144,#2145);
#1735=AXIS2_PLACEMENT_3D('',#2610,#2148,#2149);
#1736=AXIS2_PLACEMENT_3D('',#2614,#2152,#2153);
#1737=AXIS2_PLACEMENT_3D('',#2616,#2155,#2156);
#1738=AXIS2_PLACEMENT_3D('',#2618,#2158,#2159);
#1739=AXIS2_PLACEMENT_3D('',#2619,#2160,#2161);
#1740=AXIS2_PLACEMENT_3D('',#2621,#2163,#2164);
#1741=AXIS2_PLACEMENT_3D('',#2623,#2166,#2167);
#1742=AXIS2_PLACEMENT_3D('',#2625,#2169,#2170);
#1743=DIRECTION('axis',(0.,0.,1.));
#1744=DIRECTION('refdir',(1.,0.,0.));
#1745=DIRECTION('center_axis',(0.,-1.,0.));
#1746=DIRECTION('ref_axis',(1.,0.,0.));
#1747=DIRECTION('center_axis',(0.,-1.,0.));
#1748=DIRECTION('ref_axis',(1.,0.,0.));
#1749=DIRECTION('',(0.707106781186548,0.707106781186547,8.65956056235494E-17));
#1750=DIRECTION('center_axis',(0.,1.,0.));
#1751=DIRECTION('ref_axis',(1.,0.,0.));
#1752=DIRECTION('center_axis',(0.,1.,0.));
#1753=DIRECTION('ref_axis',(1.,0.,0.));
#1754=DIRECTION('center_axis',(0.,-1.,0.));
#1755=DIRECTION('ref_axis',(0.,0.,-1.));
#1756=DIRECTION('',(1.,0.,0.));
#1757=DIRECTION('center_axis',(0.,-1.,0.));
#1758=DIRECTION('ref_axis',(1.,0.,0.));
#1759=DIRECTION('',(4.2625401416395E-13,0.,1.));
#1760=DIRECTION('center_axis',(0.,-1.,0.));
#1761=DIRECTION('ref_axis',(-2.01261229904049E-12,0.,1.));
#1762=DIRECTION('',(-1.,0.,0.));
#1763=DIRECTION('center_axis',(0.,-1.,0.));
#1764=DIRECTION('ref_axis',(-1.,0.,0.));
#1765=DIRECTION('',(0.,0.,-1.));
#1766=DIRECTION('center_axis',(0.,-1.,0.));
#1767=DIRECTION('ref_axis',(1.,0.,0.));
#1768=DIRECTION('center_axis',(0.,-1.,0.));
#1769=DIRECTION('ref_axis',(1.,0.,0.));
#1770=DIRECTION('center_axis',(0.,-1.,0.));
#1771=DIRECTION('ref_axis',(1.,0.,0.));
#1772=DIRECTION('center_axis',(0.,-1.,0.));
#1773=DIRECTION('ref_axis',(1.,0.,0.));
#1774=DIRECTION('center_axis',(0.,-1.,0.));
#1775=DIRECTION('ref_axis',(1.,0.,0.));
#1776=DIRECTION('',(0.,-1.,0.));
#1777=DIRECTION('center_axis',(0.,-1.,0.));
#1778=DIRECTION('ref_axis',(1.,0.,0.));
#1779=DIRECTION('',(0.707106781186548,0.707106781186547,8.65956056235494E-17));
#1780=DIRECTION('center_axis',(0.,1.,0.));
#1781=DIRECTION('ref_axis',(1.,0.,0.));
#1782=DIRECTION('center_axis',(0.,-1.,0.));
#1783=DIRECTION('ref_axis',(1.,0.,0.));
#1784=DIRECTION('center_axis',(0.,-1.,0.));
#1785=DIRECTION('ref_axis',(1.,0.,0.));
#1786=DIRECTION('',(0.,-1.,0.));
#1787=DIRECTION('center_axis',(0.,-1.,0.));
#1788=DIRECTION('ref_axis',(1.,0.,0.));
#1789=DIRECTION('',(0.707106781186547,0.707106781186548,8.65956056235493E-17));
#1790=DIRECTION('center_axis',(0.,1.,0.));
#1791=DIRECTION('ref_axis',(1.,0.,0.));
#1792=DIRECTION('center_axis',(0.,-1.,0.));
#1793=DIRECTION('ref_axis',(1.,0.,0.));
#1794=DIRECTION('center_axis',(0.,-1.,0.));
#1795=DIRECTION('ref_axis',(1.,0.,0.));
#1796=DIRECTION('',(0.,-1.,0.));
#1797=DIRECTION('center_axis',(0.,-1.,0.));
#1798=DIRECTION('ref_axis',(1.,0.,0.));
#1799=DIRECTION('',(0.707106781186547,0.707106781186548,8.65956056235493E-17));
#1800=DIRECTION('center_axis',(0.,1.,0.));
#1801=DIRECTION('ref_axis',(1.,0.,0.));
#1802=DIRECTION('center_axis',(0.,-1.,0.));
#1803=DIRECTION('ref_axis',(1.,0.,0.));
#1804=DIRECTION('center_axis',(0.707106781186548,-0.707106781186548,3.4863055968421E-32));
#1805=DIRECTION('ref_axis',(0.707106781186548,0.707106781186548,0.));
#1806=DIRECTION('center_axis',(0.,-1.,0.));
#1807=DIRECTION('ref_axis',(1.,0.,0.));
#1808=DIRECTION('',(0.,-1.,0.));
#1809=DIRECTION('center_axis',(0.,-1.,0.));
#1810=DIRECTION('ref_axis',(1.,0.,0.));
#1811=DIRECTION('center_axis',(0.,1.,0.));
#1812=DIRECTION('ref_axis',(1.,0.,0.));
#1813=DIRECTION('',(-4.93038065763132E-32,0.,1.));
#1814=DIRECTION('center_axis',(0.,-1.,0.));
#1815=DIRECTION('ref_axis',(-0.70710678061739,0.,-0.707106781755706));
#1816=DIRECTION('',(-1.61016116977858E-9,0.,1.));
#1817=DIRECTION('center_axis',(0.,1.,0.));
#1818=DIRECTION('ref_axis',(-1.,0.,-7.1957886444165E-9));
#1819=DIRECTION('',(1.,0.,0.));
#1820=DIRECTION('center_axis',(0.,1.,0.));
#1821=DIRECTION('ref_axis',(2.8660037306357E-11,0.,1.));
#1822=DIRECTION('',(5.43436263730895E-13,0.,-1.));
#1823=DIRECTION('center_axis',(0.,-1.,0.));
#1824=DIRECTION('ref_axis',(0.707106781186619,0.,-0.707106781186476));
#1825=DIRECTION('',(1.,0.,-3.40268354033943E-13));
#1826=DIRECTION('',(4.93038065763132E-32,0.,-1.));
#1827=DIRECTION('',(1.,0.,4.93038065763132E-32));
#1828=DIRECTION('',(-4.93038065763132E-32,0.,1.));
#1829=DIRECTION('',(1.,0.,-3.40268354033943E-13));
#1830=DIRECTION('',(4.93038065763132E-32,0.,-1.));
#1831=DIRECTION('',(1.,0.,4.93038065763132E-32));
#1832=DIRECTION('',(-4.93038065763132E-32,0.,1.));
#1833=DIRECTION('',(-4.93038065763132E-32,0.,1.));
#1834=DIRECTION('',(-1.,0.,-4.93038065763132E-32));
#1835=DIRECTION('',(4.93038065763132E-32,0.,-1.));
#1836=DIRECTION('',(1.,0.,4.93038065763132E-32));
#1837=DIRECTION('',(-1.,0.,-4.93038065763132E-32));
#1838=DIRECTION('',(4.93038065763132E-32,0.,-1.));
#1839=DIRECTION('',(1.,0.,4.93038065763132E-32));
#1840=DIRECTION('',(-4.93038065763132E-32,0.,1.));
#1841=DIRECTION('center_axis',(0.,1.,0.));
#1842=DIRECTION('ref_axis',(-0.70710678061739,0.,-0.707106781755706));
#1843=DIRECTION('center_axis',(0.707106781186548,-0.707106781186548,3.4863055968421E-32));
#1844=DIRECTION('ref_axis',(-0.707106781186547,-0.707106781186548,-6.54205191118241E-17));
#1845=DIRECTION('',(0.,-1.,0.));
#1846=DIRECTION('center_axis',(0.,-1.,0.));
#1847=DIRECTION('ref_axis',(-0.70710678061739,0.,-0.707106781755706));
#1848=DIRECTION('',(0.,1.,0.));
#1849=DIRECTION('center_axis',(-3.40268354033943E-13,0.,-1.));
#1850=DIRECTION('ref_axis',(-1.,0.,3.40268354033943E-13));
#1851=DIRECTION('',(0.707106781186547,0.707106781186547,-2.40606060560586E-13));
#1852=DIRECTION('',(0.,1.,0.));
#1853=DIRECTION('',(1.,0.,-3.40268354033943E-13));
#1854=DIRECTION('',(0.803557193344746,-0.595227550625737,-2.73425083551551E-13));
#1855=DIRECTION('',(0.,-1.,0.));
#1856=DIRECTION('',(-1.,0.,3.40268354033943E-13));
#1857=DIRECTION('',(0.,-1.,0.));
#1858=DIRECTION('',(-1.,-9.91481255778865E-29,3.40268354033943E-13));
#1859=DIRECTION('',(0.,-1.,0.));
#1860=DIRECTION('',(0.707106781186548,-0.707106781186548,-2.40606060560586E-13));
#1861=DIRECTION('',(0.707106781186548,0.707106781186548,-2.40606060560586E-13));
#1862=DIRECTION('',(0.,1.,0.));
#1863=DIRECTION('',(-1.,-9.91599345572735E-29,3.40268354033943E-13));
#1864=DIRECTION('',(0.,1.,0.));
#1865=DIRECTION('',(-1.,0.,3.40268354033943E-13));
#1866=DIRECTION('',(0.,1.,0.));
#1867=DIRECTION('',(0.803557193344746,0.595227550625737,-2.73425083551551E-13));
#1868=DIRECTION('',(1.,0.,-3.40268354033943E-13));
#1869=DIRECTION('',(0.,-1.,0.));
#1870=DIRECTION('',(0.707106781186548,-0.707106781186548,-2.40606060560586E-13));
#1871=DIRECTION('',(0.,1.,0.));
#1872=DIRECTION('',(1.,0.,-3.40268354033943E-13));
#1873=DIRECTION('center_axis',(-0.707106781186548,0.707106781186548,-3.4863055968421E-32));
#1874=DIRECTION('ref_axis',(-4.93038065763132E-32,0.,1.));
#1875=DIRECTION('',(-0.577350269189626,-0.577350269189626,0.577350269189626));
#1876=DIRECTION('',(4.93038065763132E-32,0.,-1.));
#1877=DIRECTION('center_axis',(0.,1.,0.));
#1878=DIRECTION('ref_axis',(0.707106781186619,0.,-0.707106781186476));
#1879=DIRECTION('',(0.,-1.,0.));
#1880=DIRECTION('center_axis',(0.,-1.,0.));
#1881=DIRECTION('ref_axis',(0.707106781186619,0.,-0.707106781186476));
#1882=DIRECTION('center_axis',(-1.,0.,-5.43436263730895E-13));
#1883=DIRECTION('ref_axis',(-5.43436263730895E-13,0.,1.));
#1884=DIRECTION('',(0.,1.,0.));
#1885=DIRECTION('',(-5.43436263730895E-13,0.,1.));
#1886=DIRECTION('center_axis',(1.,0.,1.61016116977858E-9));
#1887=DIRECTION('ref_axis',(1.61016116977858E-9,0.,-1.));
#1888=DIRECTION('',(1.61016116977858E-9,0.,-1.));
#1889=DIRECTION('',(0.,1.,0.));
#1890=DIRECTION('center_axis',(0.,1.,0.));
#1891=DIRECTION('ref_axis',(1.,0.,0.));
#1892=DIRECTION('center_axis',(0.,-1.,0.));
#1893=DIRECTION('ref_axis',(0.,0.,-1.));
#1894=DIRECTION('',(0.,0.,-1.));
#1895=DIRECTION('center_axis',(0.,-1.,0.));
#1896=DIRECTION('ref_axis',(-1.,0.,0.));
#1897=DIRECTION('',(-1.,0.,0.));
#1898=DIRECTION('center_axis',(0.,-1.,0.));
#1899=DIRECTION('ref_axis',(-2.01261229904049E-12,0.,1.));
#1900=DIRECTION('',(4.2625401416395E-13,0.,1.));
#1901=DIRECTION('center_axis',(0.,-1.,0.));
#1902=DIRECTION('ref_axis',(1.,0.,0.));
#1903=DIRECTION('',(1.,0.,0.));
#1904=DIRECTION('center_axis',(0.,-1.,0.));
#1905=DIRECTION('ref_axis',(2.8660037306357E-11,0.,1.));
#1906=DIRECTION('',(-1.,0.,0.));
#1907=DIRECTION('center_axis',(0.,-1.,0.));
#1908=DIRECTION('ref_axis',(-1.,0.,-7.1957886444165E-9));
#1909=DIRECTION('center_axis',(1.,0.,4.93038065763132E-32));
#1910=DIRECTION('ref_axis',(-4.93038065763132E-32,-2.91433543964103E-16,
1.));
#1911=DIRECTION('',(-4.93038065763132E-32,0.,1.));
#1912=DIRECTION('',(0.,0.,-1.));
#1913=DIRECTION('',(0.,-1.,0.));
#1914=DIRECTION('center_axis',(0.707106781186548,0.707106781186548,3.4863055968421E-32));
#1915=DIRECTION('ref_axis',(4.93038065763132E-32,0.,-1.));
#1916=DIRECTION('',(-0.577350269189626,0.577350269189626,-0.577350269189626));
#1917=DIRECTION('center_axis',(-0.707106781186548,0.707106781186548,-3.4863055968421E-32));
#1918=DIRECTION('ref_axis',(-4.93038065763132E-32,0.,1.));
#1919=DIRECTION('',(0.577350269189626,0.577350269189626,-0.577350269189626));
#1920=DIRECTION('',(4.93038065763132E-32,0.,-1.));
#1921=DIRECTION('center_axis',(-1.,0.,-4.93038065763132E-32));
#1922=DIRECTION('ref_axis',(4.93038065763132E-32,2.91433543964103E-16,-1.));
#1923=DIRECTION('',(0.,-1.,0.));
#1924=DIRECTION('',(-4.93038065763132E-32,-2.91433543964103E-16,1.));
#1925=DIRECTION('center_axis',(0.707106781186548,0.707106781186548,3.4863055968421E-32));
#1926=DIRECTION('ref_axis',(4.93038065763132E-32,0.,-1.));
#1927=DIRECTION('',(-4.93038065763132E-32,0.,1.));
#1928=DIRECTION('',(0.577350269189626,-0.577350269189626,0.577350269189626));
#1929=DIRECTION('center_axis',(1.,0.,4.93038065763132E-32));
#1930=DIRECTION('ref_axis',(-4.93038065763132E-32,-2.91433543964103E-16,
1.));
#1931=DIRECTION('',(0.,0.,-1.));
#1932=DIRECTION('',(0.,-1.,0.));
#1933=DIRECTION('center_axis',(-1.,0.,-4.93038065763132E-32));
#1934=DIRECTION('ref_axis',(4.93038065763132E-32,2.91433543964103E-16,-1.));
#1935=DIRECTION('',(0.,1.,0.));
#1936=DIRECTION('',(1.22464679914735E-16,0.,-1.));
#1937=DIRECTION('center_axis',(0.,1.,0.));
#1938=DIRECTION('ref_axis',(-1.,0.,-7.1957886444165E-9));
#1939=DIRECTION('',(0.,1.,0.));
#1940=DIRECTION('center_axis',(0.,0.,-1.));
#1941=DIRECTION('ref_axis',(-1.,0.,0.));
#1942=DIRECTION('',(0.,1.,0.));
#1943=DIRECTION('center_axis',(0.,1.,0.));
#1944=DIRECTION('ref_axis',(2.8660037306357E-11,0.,1.));
#1945=DIRECTION('center_axis',(0.,0.,1.));
#1946=DIRECTION('ref_axis',(1.,0.,0.));
#1947=DIRECTION('',(0.,1.,0.));
#1948=DIRECTION('',(0.,1.,0.));
#1949=DIRECTION('center_axis',(0.,1.,0.));
#1950=DIRECTION('ref_axis',(-1.,0.,0.));
#1951=DIRECTION('',(0.,1.,0.));
#1952=DIRECTION('center_axis',(-1.,0.,0.));
#1953=DIRECTION('ref_axis',(0.,0.,1.));
#1954=DIRECTION('',(0.,1.,0.));
#1955=DIRECTION('center_axis',(0.,1.,0.));
#1956=DIRECTION('ref_axis',(0.,0.,-1.));
#1957=DIRECTION('',(0.,-1.,0.));
#1958=DIRECTION('center_axis',(-0.707106781186548,0.707106781186548,-3.4863055968421E-32));
#1959=DIRECTION('ref_axis',(-4.93038065763132E-32,0.,1.));
#1960=DIRECTION('',(0.577350269189626,0.577350269189626,-0.577350269189626));
#1961=DIRECTION('',(4.93038065763132E-32,0.,-1.));
#1962=DIRECTION('',(0.577350269189626,0.577350269189626,0.577350269189626));
#1963=DIRECTION('center_axis',(-3.4863055968421E-32,0.707106781186547,0.707106781186548));
#1964=DIRECTION('ref_axis',(1.,0.,4.93038065763132E-32));
#1965=DIRECTION('',(-0.577350269189626,0.577350269189626,-0.577350269189626));
#1966=DIRECTION('',(-1.,0.,-4.93038065763132E-32));
#1967=DIRECTION('center_axis',(3.4863055968421E-32,0.707106781186548,-0.707106781186547));
#1968=DIRECTION('ref_axis',(-1.,0.,-4.93038065763132E-32));
#1969=DIRECTION('',(1.,0.,4.93038065763132E-32));
#1970=DIRECTION('',(0.577350269189626,-0.577350269189626,-0.577350269189626));
#1971=DIRECTION('center_axis',(0.707106781186548,0.707106781186548,3.4863055968421E-32));
#1972=DIRECTION('ref_axis',(4.93038065763132E-32,0.,-1.));
#1973=DIRECTION('',(-4.93038065763132E-32,0.,1.));
#1974=DIRECTION('center_axis',(4.93038065763132E-32,3.45648513270596E-16,
-1.));
#1975=DIRECTION('ref_axis',(1.,-1.60807140001864E-32,4.93038065763132E-32));
#1976=DIRECTION('',(0.,-1.,-3.45648513270596E-16));
#1977=DIRECTION('',(1.,-1.60807140001864E-32,4.93038065763132E-32));
#1978=DIRECTION('',(0.,1.,0.));
#1979=DIRECTION('',(-1.,1.61778115328528E-32,-4.93038065763132E-32));
#1980=DIRECTION('',(0.,-1.,-3.45648513270596E-16));
#1981=DIRECTION('center_axis',(-1.,1.70417874416837E-47,-4.93038065763132E-32));
#1982=DIRECTION('ref_axis',(4.93038065763132E-32,2.91433543964103E-16,-1.));
#1983=DIRECTION('',(0.,-1.,-3.45648513270596E-16));
#1984=DIRECTION('',(-4.93038065763132E-32,-2.91433543964103E-16,1.));
#1985=DIRECTION('center_axis',(3.4863055968421E-32,0.707106781186548,-0.707106781186547));
#1986=DIRECTION('ref_axis',(-1.,0.,-4.93038065763132E-32));
#1987=DIRECTION('',(0.577350269189626,0.577350269189626,0.577350269189626));
#1988=DIRECTION('',(1.,0.,4.93038065763132E-32));
#1989=DIRECTION('',(0.577350269189626,-0.577350269189626,-0.577350269189626));
#1990=DIRECTION('center_axis',(-0.707106781186548,0.707106781186548,-3.4863055968421E-32));
#1991=DIRECTION('ref_axis',(-4.93038065763132E-32,0.,1.));
#1992=DIRECTION('',(0.577350269189626,0.577350269189626,-0.577350269189625));
#1993=DIRECTION('',(4.93038065763132E-32,0.,-1.));
#1994=DIRECTION('center_axis',(-3.4863055968421E-32,0.707106781186547,0.707106781186548));
#1995=DIRECTION('ref_axis',(1.,0.,4.93038065763132E-32));
#1996=DIRECTION('',(-1.,0.,-4.93038065763132E-32));
#1997=DIRECTION('',(-0.577350269189626,0.577350269189626,-0.577350269189626));
#1998=DIRECTION('center_axis',(0.707106781186548,0.707106781186548,3.4863055968421E-32));
#1999=DIRECTION('ref_axis',(4.93038065763132E-32,0.,-1.));
#2000=DIRECTION('',(-4.93038065763132E-32,0.,1.));
#2001=DIRECTION('center_axis',(1.,-1.70417874416837E-47,4.93038065763132E-32));
#2002=DIRECTION('ref_axis',(-4.93038065763132E-32,-2.91433543964103E-16,
1.));
#2003=DIRECTION('',(0.,-1.,-3.45648513270596E-16));
#2004=DIRECTION('',(-4.93038065763132E-32,-2.91433543964103E-16,1.));
#2005=DIRECTION('',(0.,-1.,-3.45648513270596E-16));
#2006=DIRECTION('center_axis',(4.93038065763132E-32,3.45648513270596E-16,
-1.));
#2007=DIRECTION('ref_axis',(1.,-1.61633640610703E-32,4.93038065763132E-32));
#2008=DIRECTION('',(0.,1.,0.));
#2009=DIRECTION('',(-1.,1.61778115328528E-32,-4.93038065763132E-32));
#2010=DIRECTION('',(0.,1.,0.));
#2011=DIRECTION('',(1.,-1.61633640610703E-32,4.93038065763132E-32));
#2012=DIRECTION('center_axis',(-3.4863055968421E-32,0.707106781186548,0.707106781186548));
#2013=DIRECTION('ref_axis',(1.,0.,4.93038065763132E-32));
#2014=DIRECTION('',(-1.,0.,-4.93038065763132E-32));
#2015=DIRECTION('center_axis',(-3.4863055968421E-32,0.707106781186548,0.707106781186548));
#2016=DIRECTION('ref_axis',(1.,0.,4.93038065763132E-32));
#2017=DIRECTION('',(-1.,0.,-4.93038065763132E-32));
#2018=DIRECTION('center_axis',(0.,-1.,0.));
#2019=DIRECTION('ref_axis',(1.,0.,0.));
#2020=DIRECTION('',(1.,-1.61778115328528E-32,4.93038065763132E-32));
#2021=DIRECTION('',(0.,0.,1.));
#2022=DIRECTION('',(-1.,0.,-4.93038065763132E-32));
#2023=DIRECTION('',(0.,0.,1.));
#2024=DIRECTION('',(-1.,0.,0.));
#2025=DIRECTION('',(-4.93038065763132E-32,-2.91433543964103E-16,1.));
#2026=DIRECTION('center_axis',(-1.,0.,0.));
#2027=DIRECTION('ref_axis',(0.,-1.,0.));
#2028=DIRECTION('',(0.,1.,0.));
#2029=DIRECTION('',(0.,0.,1.));
#2030=DIRECTION('',(0.,1.,0.));
#2031=DIRECTION('center_axis',(-0.595227550625738,0.803557193344746,0.));
#2032=DIRECTION('ref_axis',(-0.803557193344746,-0.595227550625737,0.));
#2033=DIRECTION('',(0.803557193344746,0.595227550625737,3.96184284336745E-32));
#2034=DIRECTION('',(0.,0.,1.));
#2035=DIRECTION('',(-0.803557193344746,-0.595227550625737,0.));
#2036=DIRECTION('center_axis',(0.,1.,0.));
#2037=DIRECTION('ref_axis',(-1.,0.,0.));
#2038=DIRECTION('',(1.,0.,4.93038065763132E-32));
#2039=DIRECTION('',(0.,0.,1.));
#2040=DIRECTION('',(-1.,0.,0.));
#2041=DIRECTION('center_axis',(0.,0.,-1.));
#2042=DIRECTION('ref_axis',(-1.,0.,0.));
#2043=DIRECTION('',(1.,0.,0.));
#2044=DIRECTION('',(0.,1.,0.));
#2045=DIRECTION('center_axis',(-4.93038065763132E-32,0.,1.));
#2046=DIRECTION('ref_axis',(1.,0.,4.93038065763132E-32));
#2047=DIRECTION('',(0.,-1.,0.));
#2048=DIRECTION('center_axis',(0.,1.,0.));
#2049=DIRECTION('ref_axis',(0.,0.,1.));
#2050=DIRECTION('',(4.93038065763132E-32,2.91433543964103E-16,-1.));
#2051=DIRECTION('',(-4.93038065763132E-32,-2.91433543964103E-16,1.));
#2052=DIRECTION('center_axis',(-1.,0.,-4.93038065763132E-32));
#2053=DIRECTION('ref_axis',(-4.93038065763132E-32,-2.91433543964103E-16,
1.));
#2054=DIRECTION('',(4.93038065763132E-32,2.91433543964103E-16,-1.));
#2055=DIRECTION('',(0.,1.,0.));
#2056=DIRECTION('center_axis',(-4.93038065763132E-32,-3.45648513270596E-16,
1.));
#2057=DIRECTION('ref_axis',(-1.,1.61778115328528E-32,-4.93038065763132E-32));
#2058=DIRECTION('',(0.,-1.,-3.45648513270596E-16));
#2059=DIRECTION('',(-1.,1.61778115328528E-32,-4.93038065763132E-32));
#2060=DIRECTION('center_axis',(1.,-1.70417874416837E-47,4.93038065763132E-32));
#2061=DIRECTION('ref_axis',(-4.93038065763132E-32,-2.91433543964103E-16,
1.));
#2062=DIRECTION('center_axis',(-1.60807140001864E-32,-1.,-2.91433543964103E-16));
#2063=DIRECTION('ref_axis',(1.,-1.60807140001864E-32,4.93038065763132E-32));
#2064=DIRECTION('center_axis',(0.,-1.,0.));
#2065=DIRECTION('ref_axis',(1.,0.,0.));
#2066=DIRECTION('',(0.,0.,-1.));
#2067=DIRECTION('',(-1.,0.,-4.93038065763132E-32));
#2068=DIRECTION('',(0.,0.,-1.));
#2069=DIRECTION('center_axis',(-1.,0.,0.));
#2070=DIRECTION('ref_axis',(0.,-1.,0.));
#2071=DIRECTION('',(0.,1.,0.));
#2072=DIRECTION('',(0.,0.,-1.));
#2073=DIRECTION('center_axis',(-0.595227550625738,0.803557193344746,0.));
#2074=DIRECTION('ref_axis',(-0.803557193344746,-0.595227550625737,0.));
#2075=DIRECTION('',(0.803557193344746,0.595227550625737,3.96184284336745E-32));
#2076=DIRECTION('',(0.,0.,-1.));
#2077=DIRECTION('center_axis',(0.,1.,0.));
#2078=DIRECTION('ref_axis',(-1.,0.,0.));
#2079=DIRECTION('',(1.,0.,4.93038065763132E-32));
#2080=DIRECTION('center_axis',(-1.,0.,-4.93038065763132E-32));
#2081=DIRECTION('ref_axis',(-4.93038065763132E-32,-2.91433543964103E-16,
1.));
#2082=DIRECTION('',(4.93038065763132E-32,2.91433543964103E-16,-1.));
#2083=DIRECTION('',(0.,1.,0.));
#2084=DIRECTION('center_axis',(-4.93038065763132E-32,0.,1.));
#2085=DIRECTION('ref_axis',(-1.,1.61778115328528E-32,-4.93038065763132E-32));
#2086=DIRECTION('',(-1.,1.61778115328528E-32,-4.93038065763132E-32));
#2087=DIRECTION('center_axis',(-5.67775767050043E-33,-1.,-2.91433543964103E-16));
#2088=DIRECTION('ref_axis',(1.,-5.67775767050045E-33,4.93038065763132E-32));
#2089=DIRECTION('center_axis',(-1.74867370574975E-32,-1.,-2.91433543964103E-16));
#2090=DIRECTION('ref_axis',(1.,-1.74867370574976E-32,4.93038065763132E-32));
#2091=DIRECTION('',(-4.93038065763132E-32,-2.91433543964103E-16,1.));
#2092=DIRECTION('',(1.,-1.74867370574976E-32,4.93038065763132E-32));
#2093=DIRECTION('center_axis',(-4.93038065763132E-32,0.,1.));
#2094=DIRECTION('ref_axis',(-1.,1.74867370574976E-32,-4.93038065763132E-32));
#2095=DIRECTION('',(0.,1.,0.));
#2096=DIRECTION('',(1.,0.,1.22464679914735E-16));
#2097=DIRECTION('',(0.,1.,0.));
#2098=DIRECTION('',(0.803557193344746,-0.595227550625737,9.84073744761474E-17));
#2099=DIRECTION('',(1.,0.,1.22464679914735E-16));
#2100=DIRECTION('center_axis',(1.,0.,4.93038065763132E-32));
#2101=DIRECTION('ref_axis',(4.93038065763132E-32,2.91433543964103E-16,-1.));
#2102=DIRECTION('',(4.93038065763132E-32,2.91433543964103E-16,-1.));
#2103=DIRECTION('center_axis',(0.,1.,0.));
#2104=DIRECTION('ref_axis',(1.,0.,1.22464679914735E-16));
#2105=DIRECTION('',(1.22464679914735E-16,0.,-1.));
#2106=DIRECTION('center_axis',(0.595227550625738,0.803557193344746,7.28943514638129E-17));
#2107=DIRECTION('ref_axis',(0.803557193344746,-0.595227550625737,9.84073744761474E-17));
#2108=DIRECTION('',(1.22464679914735E-16,0.,-1.));
#2109=DIRECTION('center_axis',(1.,0.,1.22464679914735E-16));
#2110=DIRECTION('ref_axis',(0.,-1.,0.));
#2111=DIRECTION('',(0.,0.,-1.));
#2112=DIRECTION('center_axis',(0.,-1.,0.));
#2113=DIRECTION('ref_axis',(-1.,0.,-1.22464679914735E-16));
#2114=DIRECTION('center_axis',(0.,-1.,0.));
#2115=DIRECTION('ref_axis',(-1.,0.,-1.22464679914735E-16));
#2116=DIRECTION('',(1.,-1.61778115328528E-32,4.93038065763132E-32));
#2117=DIRECTION('',(4.93038065763132E-32,2.91433543964103E-16,-1.));
#2118=DIRECTION('',(1.,0.,1.22464679914735E-16));
#2119=DIRECTION('',(1.22464679914735E-16,0.,-1.));
#2120=DIRECTION('',(1.,0.,1.22464679914735E-16));
#2121=DIRECTION('',(4.93038065763132E-32,0.,-1.));
#2122=DIRECTION('center_axis',(1.,0.,1.22464679914735E-16));
#2123=DIRECTION('ref_axis',(0.,-1.,0.));
#2124=DIRECTION('',(0.,1.,0.));
#2125=DIRECTION('',(1.22464679914735E-16,0.,-1.));
#2126=DIRECTION('',(0.,1.,0.));
#2127=DIRECTION('center_axis',(0.595227550625738,0.803557193344746,7.28943514638129E-17));
#2128=DIRECTION('ref_axis',(0.803557193344746,-0.595227550625737,9.84073744761474E-17));
#2129=DIRECTION('',(-0.803557193344746,0.595227550625737,-9.84073744761474E-17));
#2130=DIRECTION('',(1.22464679914735E-16,0.,-1.));
#2131=DIRECTION('',(0.803557193344746,-0.595227550625737,9.84073744761474E-17));
#2132=DIRECTION('center_axis',(0.,1.,0.));
#2133=DIRECTION('ref_axis',(1.,0.,1.22464679914735E-16));
#2134=DIRECTION('',(-1.,0.,-1.22464679914735E-16));
#2135=DIRECTION('',(-4.93038065763132E-32,0.,1.));
#2136=DIRECTION('',(1.,0.,1.22464679914735E-16));
#2137=DIRECTION('center_axis',(-1.22464679914735E-16,0.,1.));
#2138=DIRECTION('ref_axis',(1.,0.,1.22464679914735E-16));
#2139=DIRECTION('',(-1.70417874416837E-47,-1.,0.));
#2140=DIRECTION('center_axis',(1.22464679914735E-16,0.,-1.));
#2141=DIRECTION('ref_axis',(-1.,0.,-1.22464679914735E-16));
#2142=DIRECTION('',(1.,0.,0.));
#2143=DIRECTION('',(1.70417874416837E-47,1.,0.));
#2144=DIRECTION('center_axis',(0.,1.,0.));
#2145=DIRECTION('ref_axis',(0.,0.,1.));
#2146=DIRECTION('',(4.93038065763132E-32,2.91433543964103E-16,-1.));
#2147=DIRECTION('',(-4.93038065763132E-32,-2.91433543964103E-16,1.));
#2148=DIRECTION('center_axis',(1.,0.,4.93038065763132E-32));
#2149=DIRECTION('ref_axis',(4.93038065763132E-32,2.91433543964103E-16,-1.));
#2150=DIRECTION('',(0.,1.,0.));
#2151=DIRECTION('',(-4.93038065763132E-32,-2.91433543964103E-16,1.));
#2152=DIRECTION('center_axis',(-1.,1.70417874416837E-47,-4.93038065763132E-32));
#2153=DIRECTION('ref_axis',(4.93038065763132E-32,2.91433543964103E-16,-1.));
#2154=DIRECTION('',(0.,1.,0.));
#2155=DIRECTION('center_axis',(-4.93038065763132E-32,-3.45648513270596E-16,
1.));
#2156=DIRECTION('ref_axis',(-1.,1.61778115328528E-32,-4.93038065763132E-32));
#2157=DIRECTION('',(-1.,1.61778115328528E-32,-4.93038065763132E-32));
#2158=DIRECTION('center_axis',(-1.61778115328528E-32,-1.,-2.91433543964103E-16));
#2159=DIRECTION('ref_axis',(1.,-1.61778115328528E-32,4.93038065763132E-32));
#2160=DIRECTION('center_axis',(0.,1.,0.));
#2161=DIRECTION('ref_axis',(-2.01261229904049E-12,0.,1.));
#2162=DIRECTION('',(0.,1.,0.));
#2163=DIRECTION('center_axis',(1.,0.,-4.2625401416395E-13));
#2164=DIRECTION('ref_axis',(-4.2625401416395E-13,0.,-1.));
#2165=DIRECTION('',(0.,1.,0.));
#2166=DIRECTION('center_axis',(0.,1.,0.));
#2167=DIRECTION('ref_axis',(1.,0.,0.));
#2168=DIRECTION('',(0.,1.,0.));
#2169=DIRECTION('center_axis',(0.,0.,-1.));
#2170=DIRECTION('ref_axis',(-1.,0.,0.));
#2171=CARTESIAN_POINT('',(0.,0.,0.));
#2172=CARTESIAN_POINT('Origin',(21.5237553064671,-1.125,-23.5477053787969));
#2173=CARTESIAN_POINT('',(19.3737553064671,-1.5,-23.5477053787969));
#2174=CARTESIAN_POINT('Origin',(21.5237553064671,-1.5,-23.5477053787969));
#2175=CARTESIAN_POINT('',(20.1237553064671,-0.75,-23.5477053787969));
#2176=CARTESIAN_POINT('',(19.7487553064671,-1.125,-23.5477053787969));
#2177=CARTESIAN_POINT('Origin',(21.5237553064671,-0.75,-23.5477053787969));
#2178=CARTESIAN_POINT('Origin',(3.02375530646292,-1.5,7.45229462122568));
#2179=CARTESIAN_POINT('',(-20.4762446935618,-1.5,-23.547705378768));
#2180=CARTESIAN_POINT('',(-15.4762446935618,-1.5,-28.547705378768));
#2181=CARTESIAN_POINT('Origin',(-15.4762446935618,-1.5,-23.547705378768));
#2182=CARTESIAN_POINT('',(21.5237553064671,-1.5,-28.547705378768));
#2183=CARTESIAN_POINT('',(-15.4762446935618,-1.5,-28.547705378768));
#2184=CARTESIAN_POINT('',(26.5237553064383,-1.5,-23.5477053787969));
#2185=CARTESIAN_POINT('Origin',(21.5237553064671,-1.5,-23.5477053787969));
#2186=CARTESIAN_POINT('',(26.5237553064876,-1.5,38.452294621232));
#2187=CARTESIAN_POINT('',(26.5237553064383,-1.5,-23.5477053787969));
#2188=CARTESIAN_POINT('',(21.5237553064775,-1.5,43.452294621232));
#2189=CARTESIAN_POINT('Origin',(21.5237553064876,-1.5,38.452294621232));
#2190=CARTESIAN_POINT('',(-15.4762451000453,-1.5,43.4522946212319));
#2191=CARTESIAN_POINT('',(21.5237553064775,-1.5,43.452294621232));
#2192=CARTESIAN_POINT('',(-20.4762446935717,-1.5,38.4522950277054));
#2193=CARTESIAN_POINT('Origin',(-15.4762451000453,-1.5,38.4522950277054));
#2194=CARTESIAN_POINT('',(-20.4762446935717,-1.5,38.4522950277054));
#2195=CARTESIAN_POINT('',(19.3737553064876,-1.5,38.452294621232));
#2196=CARTESIAN_POINT('Origin',(21.5237553064876,-1.5,38.452294621232));
#2197=CARTESIAN_POINT('',(-17.6262446935618,-1.5,-23.547705378768));
#2198=CARTESIAN_POINT('Origin',(-15.4762446935618,-1.5,-23.547705378768));
#2199=CARTESIAN_POINT('',(-17.6262451000453,-1.5,38.4522950277054));
#2200=CARTESIAN_POINT('Origin',(-15.4762451000453,-1.5,38.4522950277054));
#2201=CARTESIAN_POINT('Origin',(21.5237553064671,1.5,-23.5477053787969));
#2202=CARTESIAN_POINT('',(20.1237553064671,1.5,-23.5477053787969));
#2203=CARTESIAN_POINT('Origin',(21.5237553064671,1.5,-23.5477053787969));
#2204=CARTESIAN_POINT('',(20.1237553064671,1.5,-23.5477053787969));
#2205=CARTESIAN_POINT('Origin',(21.5237553064876,-1.125,38.452294621232));
#2206=CARTESIAN_POINT('',(20.1237553064876,-0.75,38.452294621232));
#2207=CARTESIAN_POINT('',(19.7487553064876,-1.125,38.452294621232));
#2208=CARTESIAN_POINT('Origin',(21.5237553064876,-0.75,38.452294621232));
#2209=CARTESIAN_POINT('Origin',(21.5237553064876,1.5,38.452294621232));
#2210=CARTESIAN_POINT('',(20.1237553064876,1.5,38.452294621232));
#2211=CARTESIAN_POINT('Origin',(21.5237553064876,1.5,38.452294621232));
#2212=CARTESIAN_POINT('',(20.1237553064876,1.5,38.452294621232));
#2213=CARTESIAN_POINT('Origin',(-15.4762451000453,-1.125,38.4522950277054));
#2214=CARTESIAN_POINT('',(-16.8762451000453,-0.75,38.4522950277054));
#2215=CARTESIAN_POINT('',(-17.2512451000453,-1.125,38.4522950277054));
#2216=CARTESIAN_POINT('Origin',(-15.4762451000453,-0.75,38.4522950277054));
#2217=CARTESIAN_POINT('Origin',(-15.4762451000453,1.5,38.4522950277054));
#2218=CARTESIAN_POINT('',(-16.8762451000453,1.5,38.4522950277054));
#2219=CARTESIAN_POINT('Origin',(-15.4762451000453,1.5,38.4522950277054));
#2220=CARTESIAN_POINT('',(-16.8762451000453,1.5,38.4522950277054));
#2221=CARTESIAN_POINT('Origin',(-15.4762446935618,-1.125,-23.547705378768));
#2222=CARTESIAN_POINT('',(-16.8762446935618,-0.75,-23.547705378768));
#2223=CARTESIAN_POINT('',(-17.2512446935618,-1.125,-23.547705378768));
#2224=CARTESIAN_POINT('Origin',(-15.4762446935618,-0.75,-23.547705378768));
#2225=CARTESIAN_POINT('Origin',(-15.4762446935618,10.12,-23.547705378768));
#2226=CARTESIAN_POINT('',(-16.225,1.5,-24.7306531760442));
#2227=CARTESIAN_POINT('',(-16.225,1.5,-22.3647575814919));
#2228=CARTESIAN_POINT('Origin',(-15.4762446935618,2.24875530643825,-23.547705378768));
#2229=CARTESIAN_POINT('',(-16.8762446935618,1.5,-23.547705378768));
#2230=CARTESIAN_POINT('Origin',(-15.4762446935618,1.5,-23.547705378768));
#2231=CARTESIAN_POINT('',(-16.8762446935618,10.12,-23.547705378768));
#2232=CARTESIAN_POINT('Origin',(-15.4762446935618,1.5,-23.547705378768));
#2233=CARTESIAN_POINT('Origin',(3.02375530646292,1.5,7.45229462122568));
#2234=CARTESIAN_POINT('',(-16.225,1.5,-26.2527639568463));
#2235=CARTESIAN_POINT('',(-16.225,1.5,-6.52375486284082));
#2236=CARTESIAN_POINT('',(-18.4762445940538,1.5,-23.3477053835985));
#2237=CARTESIAN_POINT('Origin',(-15.4762445940538,1.5,-23.347705378768));
#2238=CARTESIAN_POINT('',(-18.4762446935618,1.5,38.4522950061181));
#2239=CARTESIAN_POINT('',(-18.4762446686043,1.5,22.9522947963626));
#2240=CARTESIAN_POINT('',(-15.4762450999877,1.5,41.452294621232));
#2241=CARTESIAN_POINT('Origin',(-15.4762451000453,1.5,38.4522950277054));
#2242=CARTESIAN_POINT('',(21.5237553065736,1.5,41.452294621232));
#2243=CARTESIAN_POINT('',(12.2737553065183,1.5,41.452294621232));
#2244=CARTESIAN_POINT('',(24.5237553064046,1.5,38.4522946212339));
#2245=CARTESIAN_POINT('Origin',(21.5237553064876,1.5,38.452294621232));
#2246=CARTESIAN_POINT('',(24.5237553064381,1.5,-23.3477053788078));
#2247=CARTESIAN_POINT('',(24.5237553064298,1.5,-8.04770537877246));
#2248=CARTESIAN_POINT('',(21.523755306466,1.5,-26.3477053787806));
#2249=CARTESIAN_POINT('Origin',(21.523755306467,1.5,-23.3477053788095));
#2250=CARTESIAN_POINT('',(16.2249999999997,1.5,-26.3477053787788));
#2251=CARTESIAN_POINT('',(1.51187765322561,1.5,-26.3477053787738));
#2252=CARTESIAN_POINT('',(16.2249999999997,1.5,-17.9998043469073));
#2253=CARTESIAN_POINT('',(16.2249999999997,1.5,-9.27375486284082));
#2254=CARTESIAN_POINT('',(5.22499999999973,1.5,-17.9998043469073));
#2255=CARTESIAN_POINT('',(8.37437765323132,1.5,-17.9998043469073));
#2256=CARTESIAN_POINT('',(5.22499999999973,1.5,-26.3477053787751));
#2257=CARTESIAN_POINT('',(5.22499999999973,1.5,-6.52375486284082));
#2258=CARTESIAN_POINT('',(-5.225,1.5,-26.3477053787715));
#2259=CARTESIAN_POINT('',(1.51187765322561,1.5,-26.3477053787738));
#2260=CARTESIAN_POINT('',(-5.225,1.5,-17.9998043469073));
#2261=CARTESIAN_POINT('',(-5.225,1.5,-9.27375486284082));
#2262=CARTESIAN_POINT('',(-16.225,1.5,-17.9998043469073));
#2263=CARTESIAN_POINT('',(-2.35062234676854,1.5,-17.9998043469073));
#2264=CARTESIAN_POINT('',(-16.225,1.5,-6.52375486284082));
#2265=CARTESIAN_POINT('',(5.22499999999996,1.5,1.4428254687999));
#2266=CARTESIAN_POINT('',(5.22499999999996,1.5,11.9428254687999));
#2267=CARTESIAN_POINT('',(5.22499999999996,1.5,8.44756004501279));
#2268=CARTESIAN_POINT('',(16.225,1.5,1.4428254687999));
#2269=CARTESIAN_POINT('',(5.37437765323144,1.5,1.4428254687999));
#2270=CARTESIAN_POINT('',(16.225,1.5,11.9428254687999));
#2271=CARTESIAN_POINT('',(16.225,1.5,5.69756004501279));
#2272=CARTESIAN_POINT('',(8.37437765323144,1.5,11.9428254687999));
#2273=CARTESIAN_POINT('',(-5.25,1.5,1.4428254687999));
#2274=CARTESIAN_POINT('',(-16.25,1.5,1.4428254687999));
#2275=CARTESIAN_POINT('',(-5.36312234676854,1.5,1.4428254687999));
#2276=CARTESIAN_POINT('',(-5.25,1.5,11.9428254687999));
#2277=CARTESIAN_POINT('',(-5.25,1.5,5.69756004501279));
#2278=CARTESIAN_POINT('',(-16.25,1.5,11.9428254687999));
#2279=CARTESIAN_POINT('',(-2.36312234676854,1.5,11.9428254687999));
#2280=CARTESIAN_POINT('',(-16.25,1.5,8.44756004501279));
#2281=CARTESIAN_POINT('Origin',(-15.4762445940538,3.4675,-23.347705378768));
#2282=CARTESIAN_POINT('',(-15.4762445940548,2.24875540594518,-26.347705378768));
#2283=CARTESIAN_POINT('Origin',(-15.4762445940538,2.2487554059462,-23.347705378768));
#2284=CARTESIAN_POINT('',(-15.4762445940548,0.,-26.347705378768));
#2285=CARTESIAN_POINT('',(-15.4762445940548,3.4675,-26.347705378768));
#2286=CARTESIAN_POINT('',(-18.4762445940538,0.,-23.3477053835985));
#2287=CARTESIAN_POINT('Origin',(-15.4762445940538,0.,-23.347705378768));
#2288=CARTESIAN_POINT('',(-18.4762445940538,3.4675,-23.3477053835985));
#2289=CARTESIAN_POINT('Origin',(-2.03950970226375E-13,6.935,-26.3477053787733));
#2290=CARTESIAN_POINT('',(-13.725,4.,-26.3477053787686));
#2291=CARTESIAN_POINT('',(-10.1850000000017,7.53999999999826,-26.3477053787698));
#2292=CARTESIAN_POINT('',(-13.7250000000003,9.87000000000001,-26.3477053787686));
#2293=CARTESIAN_POINT('',(-13.725,6.40750000000001,-26.3477053787686));
#2294=CARTESIAN_POINT('',(-12.7250000000003,9.87000000000001,-26.347705378769));
#2295=CARTESIAN_POINT('',(-6.86250000000123,9.87000000000001,-26.347705378771));
#2296=CARTESIAN_POINT('',(-10.0250000000003,7.87000000000001,-26.3477053787699));
#2297=CARTESIAN_POINT('',(-7.91480292294154,6.30689105403059,-26.3477053787706));
#2298=CARTESIAN_POINT('',(-10.0250000000003,7.37000000000001,-26.3477053787699));
#2299=CARTESIAN_POINT('',(-10.0250000000003,7.40250000000001,-26.3477053787699));
#2300=CARTESIAN_POINT('',(-10.725,7.37000000000001,-26.3477053787696));
#2301=CARTESIAN_POINT('',(-5.01250000000123,7.37000000000001,-26.3477053787716));
#2302=CARTESIAN_POINT('',(-10.725,5.88000000000001,-26.3477053787696));
#2303=CARTESIAN_POINT('',(-10.725,6.4075,-26.3477053787696));
#2304=CARTESIAN_POINT('',(-7.725,5.88000000000001,-26.3477053787707));
#2305=CARTESIAN_POINT('',(-5.36250000000063,5.88000000000001,-26.3477053787715));
#2306=CARTESIAN_POINT('',(-7.725,4.,-26.3477053787707));
#2307=CARTESIAN_POINT('',(-7.725,6.40750000000001,-26.3477053787707));
#2308=CARTESIAN_POINT('',(-5.90250000000151,2.1775000000015,-26.3477053787713));
#2309=CARTESIAN_POINT('',(7.72499999999973,4.,-26.3477053787759));
#2310=CARTESIAN_POINT('',(5.90249999999806,2.17749999999833,-26.3477053787753));
#2311=CARTESIAN_POINT('',(7.72499999999973,5.88000000000001,-26.3477053787759));
#2312=CARTESIAN_POINT('',(7.72499999999973,6.40750000000001,-26.3477053787759));
#2313=CARTESIAN_POINT('',(10.7249999999997,5.88000000000001,-26.3477053787769));
#2314=CARTESIAN_POINT('',(5.36249999999923,5.88000000000001,-26.3477053787751));
#2315=CARTESIAN_POINT('',(10.7249999999997,7.37000000000001,-26.3477053787769));
#2316=CARTESIAN_POINT('',(10.7249999999997,6.40750000000001,-26.3477053787769));
#2317=CARTESIAN_POINT('',(10.0249999999997,7.37000000000001,-26.3477053787767));
#2318=CARTESIAN_POINT('',(5.0124999999997,7.37000000000001,-26.347705378775));
#2319=CARTESIAN_POINT('',(10.0249999999997,7.87000000000001,-26.3477053787767));
#2320=CARTESIAN_POINT('',(10.0249999999997,7.40250000000001,-26.3477053787767));
#2321=CARTESIAN_POINT('',(12.7249999999997,9.87000000000001,-26.3477053787776));
#2322=CARTESIAN_POINT('',(7.91480292294036,6.30689105403011,-26.347705378776));
#2323=CARTESIAN_POINT('',(13.7249999999997,9.87000000000001,-26.347705378778));
#2324=CARTESIAN_POINT('',(6.8624999999997,9.87000000000001,-26.3477053787756));
#2325=CARTESIAN_POINT('',(13.7249999999997,4.,-26.347705378778));
#2326=CARTESIAN_POINT('',(13.7249999999997,6.40750000000001,-26.347705378778));
#2327=CARTESIAN_POINT('',(10.1849999999983,7.54000000000144,-26.3477053787768));
#2328=CARTESIAN_POINT('',(21.523755306466,0.,-26.3477053787806));
#2329=CARTESIAN_POINT('',(21.523755306466,3.4675,-26.3477053787806));
#2330=CARTESIAN_POINT('',(1.51187765322311,0.,-26.3477053787738));
#2331=CARTESIAN_POINT('Origin',(-14.975,2.75,-6.52375486284082));
#2332=CARTESIAN_POINT('',(-13.725,4.,-20.4998043469073));
#2333=CARTESIAN_POINT('',(-13.725,4.,-20.4998043469073));
#2334=CARTESIAN_POINT('',(-13.725,4.,-6.52375486284082));
#2335=CARTESIAN_POINT('Origin',(21.523755306467,3.4675,-23.3477053788095));
#2336=CARTESIAN_POINT('',(24.5237553064381,0.,-23.3477053788078));
#2337=CARTESIAN_POINT('',(24.5237553064381,3.4675,-23.3477053788078));
#2338=CARTESIAN_POINT('Origin',(21.523755306467,0.,-23.3477053788095));
#2339=CARTESIAN_POINT('Origin',(24.5237553064382,0.,-23.5477053787823));
#2340=CARTESIAN_POINT('',(24.5237553064046,0.,38.4522946212339));
#2341=CARTESIAN_POINT('',(24.5237553064046,0.,38.4522946212339));
#2342=CARTESIAN_POINT('',(24.5237553064382,0.,-23.5477053787823));
#2343=CARTESIAN_POINT('Origin',(-18.4762446935618,0.,38.4522950061181));
#2344=CARTESIAN_POINT('',(-18.4762446935618,0.,38.4522950061181));
#2345=CARTESIAN_POINT('',(-18.4762446935618,0.,38.4522950061181));
#2346=CARTESIAN_POINT('',(-18.4762446935618,0.,38.4522950061181));
#2347=CARTESIAN_POINT('Origin',(3.02375530645793,0.,7.45229462123198));
#2348=CARTESIAN_POINT('',(-20.4762446935618,0.,-23.547705378768));
#2349=CARTESIAN_POINT('',(-15.4762446935618,0.,-28.547705378768));
#2350=CARTESIAN_POINT('Origin',(-15.4762446935618,0.,-23.547705378768));
#2351=CARTESIAN_POINT('',(-20.4762446935717,0.,38.4522950277054));
#2352=CARTESIAN_POINT('',(-20.4762446935717,0.,-8.04770537876803));
#2353=CARTESIAN_POINT('',(-15.4762451000453,0.,43.4522946212319));
#2354=CARTESIAN_POINT('Origin',(-15.4762451000453,0.,38.4522950277054));
#2355=CARTESIAN_POINT('',(21.5237553064775,0.,43.452294621232));
#2356=CARTESIAN_POINT('',(-6.22624489679366,0.,43.452294621232));
#2357=CARTESIAN_POINT('',(26.5237553064876,0.,38.452294621232));
#2358=CARTESIAN_POINT('Origin',(21.5237553064876,0.,38.452294621232));
#2359=CARTESIAN_POINT('',(26.5237553064383,0.,-23.5477053787969));
#2360=CARTESIAN_POINT('',(26.5237553064581,0.,22.952294621227));
#2361=CARTESIAN_POINT('',(21.5237553064671,0.,-28.547705378768));
#2362=CARTESIAN_POINT('Origin',(21.5237553064671,0.,-23.5477053787969));
#2363=CARTESIAN_POINT('',(12.2737553064625,0.,-28.547705378768));
#2364=CARTESIAN_POINT('',(21.5237553065736,0.,41.452294621232));
#2365=CARTESIAN_POINT('Origin',(21.5237553064876,0.,38.452294621232));
#2366=CARTESIAN_POINT('',(-15.4762450999877,0.,41.452294621232));
#2367=CARTESIAN_POINT('',(21.5237553065736,0.,41.452294621232));
#2368=CARTESIAN_POINT('Origin',(-15.4762451000453,0.,38.4522950277054));
#2369=CARTESIAN_POINT('Origin',(13.7249999999997,5.88000000000001,-25.9998043469073));
#2370=CARTESIAN_POINT('',(13.7249999999997,4.,-20.4998043469073));
#2371=CARTESIAN_POINT('',(13.7249999999997,4.,-9.27375486284082));
#2372=CARTESIAN_POINT('',(13.7249999999997,9.87000000000001,-20.4998043469073));
#2373=CARTESIAN_POINT('',(13.7249999999997,9.87000000000001,-25.9998043469073));
#2374=CARTESIAN_POINT('',(13.7249999999997,5.88,-20.4998043469073));
#2375=CARTESIAN_POINT('Origin',(14.9749999999997,2.75,-9.27375486284082));
#2376=CARTESIAN_POINT('',(16.2249999999997,1.5,-17.9998043469073));
#2377=CARTESIAN_POINT('Origin',(6.47499999999973,2.75,-6.52375486284082));
#2378=CARTESIAN_POINT('',(7.72499999999973,4.,-20.4998043469073));
#2379=CARTESIAN_POINT('',(5.22499999999973,1.5,-17.9998043469073));
#2380=CARTESIAN_POINT('',(7.72499999999973,4.,-6.52375486284082));
#2381=CARTESIAN_POINT('Origin',(7.72499999999973,5.88000000000001,-20.4998043469073));
#2382=CARTESIAN_POINT('',(7.72499999999973,5.88,-20.4998043469073));
#2383=CARTESIAN_POINT('',(7.72499999999973,5.88,-20.4998043469073));
#2384=CARTESIAN_POINT('',(7.72499999999973,5.88000000000001,-25.9998043469073));
#2385=CARTESIAN_POINT('Origin',(-6.475,2.75,-9.27375486284082));
#2386=CARTESIAN_POINT('',(-7.725,4.,-20.4998043469073));
#2387=CARTESIAN_POINT('',(-7.725,4.,-9.27375486284082));
#2388=CARTESIAN_POINT('',(-7.725,4.,-20.4998043469073));
#2389=CARTESIAN_POINT('Origin',(-7.725,5.88000000000001,-25.9998043469073));
#2390=CARTESIAN_POINT('',(-7.725,5.88,-20.4998043469073));
#2391=CARTESIAN_POINT('',(-7.725,5.88000000000001,-25.9998043469073));
#2392=CARTESIAN_POINT('',(-7.725,5.88,-20.4998043469073));
#2393=CARTESIAN_POINT('Origin',(-13.725,5.88000000000001,-20.4998043469073));
#2394=CARTESIAN_POINT('',(-13.7250000000003,9.87000000000001,-20.4998043469073));
#2395=CARTESIAN_POINT('',(-13.725,7.12000000000001,-20.4998043469073));
#2396=CARTESIAN_POINT('',(-13.7250000000003,9.87000000000001,-20.4998043469073));
#2397=CARTESIAN_POINT('Origin',(-15.4762451000453,0.,38.4522950277054));
#2398=CARTESIAN_POINT('',(-15.4762450999877,0.,41.452294621232));
#2399=CARTESIAN_POINT('Origin',(21.5237553065736,0.,41.452294621232));
#2400=CARTESIAN_POINT('',(21.5237553065736,0.,41.452294621232));
#2401=CARTESIAN_POINT('Origin',(21.5237553064876,0.,38.452294621232));
#2402=CARTESIAN_POINT('Origin',(-15.4762451000453,0.,43.452294621232));
#2403=CARTESIAN_POINT('',(-15.4762451000453,0.,43.4522946212319));
#2404=CARTESIAN_POINT('',(21.5237553064775,0.,43.452294621232));
#2405=CARTESIAN_POINT('Origin',(-15.4762451000453,0.,38.4522950277054));
#2406=CARTESIAN_POINT('',(-20.4762446935717,0.,38.4522950277054));
#2407=CARTESIAN_POINT('Origin',(-20.4762446935717,0.,-23.547705378768));
#2408=CARTESIAN_POINT('',(-20.4762446935618,0.,-23.547705378768));
#2409=CARTESIAN_POINT('Origin',(-15.4762446935618,0.,-23.547705378768));
#2410=CARTESIAN_POINT('',(-15.4762446935618,0.,-28.547705378768));
#2411=CARTESIAN_POINT('Origin',(6.47499999999996,2.75,8.44756004501279));
#2412=CARTESIAN_POINT('',(7.72499999999996,4.,9.4428254687999));
#2413=CARTESIAN_POINT('',(5.22499999999996,1.5,11.9428254687999));
#2414=CARTESIAN_POINT('',(7.72499999999996,4.,3.9428254687999));
#2415=CARTESIAN_POINT('',(7.72499999999996,4.,8.44756004501279));
#2416=CARTESIAN_POINT('',(5.22499999999996,1.5,1.4428254687999));
#2417=CARTESIAN_POINT('Origin',(8.37437765323144,2.75,10.6928254687999));
#2418=CARTESIAN_POINT('',(13.725,4.,9.4428254687999));
#2419=CARTESIAN_POINT('',(16.225,1.5,11.9428254687999));
#2420=CARTESIAN_POINT('',(8.37437765323144,4.,9.4428254687999));
#2421=CARTESIAN_POINT('Origin',(5.37437765323144,2.75,2.6928254687999));
#2422=CARTESIAN_POINT('',(13.725,4.,3.9428254687999));
#2423=CARTESIAN_POINT('',(5.37437765323144,4.,3.9428254687999));
#2424=CARTESIAN_POINT('',(13.725,4.,3.9428254687999));
#2425=CARTESIAN_POINT('Origin',(14.975,2.75,5.69756004501279));
#2426=CARTESIAN_POINT('',(13.725,4.,5.69756004501279));
#2427=CARTESIAN_POINT('Origin',(7.72499999999996,5.88,3.9428254687999));
#2428=CARTESIAN_POINT('',(7.72499999999996,5.88,3.9428254687999));
#2429=CARTESIAN_POINT('',(7.72499999999996,5.88,3.9428254687999));
#2430=CARTESIAN_POINT('',(10.725,5.88,3.9428254687999));
#2431=CARTESIAN_POINT('',(10.725,5.88,3.9428254687999));
#2432=CARTESIAN_POINT('',(10.725,7.37,3.9428254687999));
#2433=CARTESIAN_POINT('',(10.725,7.12,3.9428254687999));
#2434=CARTESIAN_POINT('',(13.725,7.37,3.9428254687999));
#2435=CARTESIAN_POINT('',(6.85624999999997,7.37,3.9428254687999));
#2436=CARTESIAN_POINT('',(13.725,5.88,3.9428254687999));
#2437=CARTESIAN_POINT('Origin',(7.72499999999996,5.88,9.4428254687999));
#2438=CARTESIAN_POINT('',(7.72499999999996,5.88,9.4428254687999));
#2439=CARTESIAN_POINT('',(7.72499999999996,5.88,9.4428254687999));
#2440=CARTESIAN_POINT('',(7.72499999999996,5.88,3.9428254687999));
#2441=CARTESIAN_POINT('Origin',(-5.36312234676854,2.75,2.6928254687999));
#2442=CARTESIAN_POINT('',(-13.75,4.,3.9428254687999));
#2443=CARTESIAN_POINT('',(-16.25,1.5,1.4428254687999));
#2444=CARTESIAN_POINT('',(-7.75,4.,3.9428254687999));
#2445=CARTESIAN_POINT('',(-5.36312234676854,4.,3.9428254687999));
#2446=CARTESIAN_POINT('',(-7.75,4.,3.9428254687999));
#2447=CARTESIAN_POINT('Origin',(-15.,2.75,8.44756004501279));
#2448=CARTESIAN_POINT('',(-13.75,4.,9.4428254687999));
#2449=CARTESIAN_POINT('',(-16.25,1.5,11.9428254687999));
#2450=CARTESIAN_POINT('',(-13.75,4.,8.44756004501279));
#2451=CARTESIAN_POINT('Origin',(-2.36312234676854,2.75,10.6928254687999));
#2452=CARTESIAN_POINT('',(-7.75,4.,9.4428254687999));
#2453=CARTESIAN_POINT('',(-2.36312234676854,4.,9.4428254687999));
#2454=CARTESIAN_POINT('',(-5.25,1.5,11.9428254687999));
#2455=CARTESIAN_POINT('Origin',(-6.5,2.75,5.69756004501279));
#2456=CARTESIAN_POINT('',(-7.75,4.,5.69756004501279));
#2457=CARTESIAN_POINT('Origin',(-7.75,5.88,3.9428254687999));
#2458=CARTESIAN_POINT('',(-7.75,5.88,3.9428254687999));
#2459=CARTESIAN_POINT('',(-7.75,5.88,3.9428254687999));
#2460=CARTESIAN_POINT('',(-7.75,5.88,9.4428254687999));
#2461=CARTESIAN_POINT('',(-7.75,5.88,3.9428254687999));
#2462=CARTESIAN_POINT('',(-7.75,5.88,9.4428254687999));
#2463=CARTESIAN_POINT('Origin',(-13.75,5.88,3.9428254687999));
#2464=CARTESIAN_POINT('',(-13.75,7.37,3.9428254687999));
#2465=CARTESIAN_POINT('',(-13.75,5.88,3.9428254687999));
#2466=CARTESIAN_POINT('',(-10.75,7.37,3.9428254687999));
#2467=CARTESIAN_POINT('',(-5.38125000000001,7.37,3.9428254687999));
#2468=CARTESIAN_POINT('',(-10.75,5.88,3.9428254687999));
#2469=CARTESIAN_POINT('',(-10.75,5.88,3.9428254687999));
#2470=CARTESIAN_POINT('',(-10.75,5.88,3.9428254687999));
#2471=CARTESIAN_POINT('Origin',(-2.35062234676854,2.75,-19.2498043469073));
#2472=CARTESIAN_POINT('',(-2.35062234676854,4.,-20.4998043469073));
#2473=CARTESIAN_POINT('Origin',(8.37437765323132,2.75,-19.2498043469073));
#2474=CARTESIAN_POINT('',(8.37437765323132,4.,-20.4998043469073));
#2475=CARTESIAN_POINT('Origin',(10.0249999999997,7.37000000000001,3.94319565309267));
#2476=CARTESIAN_POINT('',(10.725,7.37,9.4428254687999));
#2477=CARTESIAN_POINT('',(13.725,7.37,9.4428254687999));
#2478=CARTESIAN_POINT('',(5.35624999999997,7.37,9.4428254687999));
#2479=CARTESIAN_POINT('',(13.7249999999997,7.37000000000001,9.44319565309267));
#2480=CARTESIAN_POINT('',(13.7249999999997,7.37000000000001,3.94319565309267));
#2481=CARTESIAN_POINT('',(10.0249999999997,7.37000000000001,9.44319565309267));
#2482=CARTESIAN_POINT('',(10.9499999999997,7.37000000000001,9.44319565309267));
#2483=CARTESIAN_POINT('',(10.0249999999997,7.37000000000001,3.94319565309267));
#2484=CARTESIAN_POINT('',(10.0249999999997,7.37000000000001,3.94319565309267));
#2485=CARTESIAN_POINT('',(10.725,7.37000000000001,3.94319565309267));
#2486=CARTESIAN_POINT('',(13.7249999999997,7.37000000000001,3.94319565309267));
#2487=CARTESIAN_POINT('',(10.725,7.37,-2.16783198512691));
#2488=CARTESIAN_POINT('Origin',(10.0249999999997,7.87000000000001,3.94319565309267));
#2489=CARTESIAN_POINT('',(10.0249999999997,7.87000000000001,9.44319565309267));
#2490=CARTESIAN_POINT('',(10.0249999999997,8.24500000000001,9.44319565309267));
#2491=CARTESIAN_POINT('',(10.0249999999997,7.87000000000001,3.94319565309267));
#2492=CARTESIAN_POINT('',(10.0249999999997,7.87000000000001,3.94319565309267));
#2493=CARTESIAN_POINT('',(10.0249999999997,7.37000000000001,3.94319565309267));
#2494=CARTESIAN_POINT('Origin',(12.7249999999997,9.87000000000001,3.94319565309267));
#2495=CARTESIAN_POINT('',(12.7249999999997,9.87000000000001,9.44319565309267));
#2496=CARTESIAN_POINT('',(12.151638618246,9.44528786536759,9.44319565309267));
#2497=CARTESIAN_POINT('',(12.7249999999997,9.87000000000001,3.94319565309267));
#2498=CARTESIAN_POINT('',(12.7249999999997,9.87000000000001,3.94319565309267));
#2499=CARTESIAN_POINT('',(12.7249999999997,9.87000000000001,3.94319565309267));
#2500=CARTESIAN_POINT('Origin',(13.7249999999997,9.87000000000001,3.94319565309267));
#2501=CARTESIAN_POINT('',(13.7249999999997,9.87000000000001,9.44319565309267));
#2502=CARTESIAN_POINT('',(12.7999999999997,9.87000000000001,9.44319565309267));
#2503=CARTESIAN_POINT('',(13.7249999999997,9.87000000000001,3.94319565309267));
#2504=CARTESIAN_POINT('',(13.7249999999997,9.87000000000001,3.94319565309267));
#2505=CARTESIAN_POINT('',(13.7249999999997,9.87000000000001,3.94319565309267));
#2506=CARTESIAN_POINT('Origin',(11.8749999999997,8.62000000000001,3.94319565309267));
#2507=CARTESIAN_POINT('',(13.7249999999997,7.37000000000001,3.94319565309267));
#2508=CARTESIAN_POINT('',(5.93124999999985,7.37,3.94319565309267));
#2509=CARTESIAN_POINT('',(13.7249999999997,7.37000000000001,3.94319565309267));
#2510=CARTESIAN_POINT('Origin',(11.8749999999997,8.62000000000001,9.44319565309267));
#2511=CARTESIAN_POINT('',(13.7249999999997,7.99500000000001,9.44319565309267));
#2512=CARTESIAN_POINT('Origin',(-0.0125000000000197,7.37,-8.27848943905371));
#2513=CARTESIAN_POINT('',(13.725,7.37,0.582168014873094));
#2514=CARTESIAN_POINT('',(10.725,7.37,-2.16783198512691));
#2515=CARTESIAN_POINT('Origin',(10.725,5.88,3.9428254687999));
#2516=CARTESIAN_POINT('',(10.725,5.88,9.4428254687999));
#2517=CARTESIAN_POINT('',(10.725,5.88,5.3178254687999));
#2518=CARTESIAN_POINT('',(10.725,5.88,9.4428254687999));
#2519=CARTESIAN_POINT('Origin',(13.725,5.88,9.4428254687999));
#2520=CARTESIAN_POINT('',(13.725,5.88,9.4428254687999));
#2521=CARTESIAN_POINT('',(13.725,5.88,9.4428254687999));
#2522=CARTESIAN_POINT('Origin',(13.725,5.88,3.9428254687999));
#2523=CARTESIAN_POINT('Origin',(10.725,5.88,6.6928254687999));
#2524=CARTESIAN_POINT('Origin',(10.0249999999997,7.37000000000001,-25.9998043469073));
#2525=CARTESIAN_POINT('',(10.7249999999997,7.37000000000001,-20.4998043469073));
#2526=CARTESIAN_POINT('',(10.7249999999997,7.37000000000001,-25.9998043469073));
#2527=CARTESIAN_POINT('',(10.0249999999997,7.37000000000001,-20.4998043469073));
#2528=CARTESIAN_POINT('',(10.9499999999997,7.37000000000001,-20.4998043469073));
#2529=CARTESIAN_POINT('',(10.0249999999997,7.37000000000001,-25.9998043469073));
#2530=CARTESIAN_POINT('Origin',(10.0249999999997,7.87000000000001,-25.9998043469073));
#2531=CARTESIAN_POINT('',(10.0249999999997,7.87000000000001,-20.4998043469073));
#2532=CARTESIAN_POINT('',(10.0249999999997,8.24500000000001,-20.4998043469073));
#2533=CARTESIAN_POINT('',(10.0249999999997,7.87000000000001,-25.9998043469073));
#2534=CARTESIAN_POINT('Origin',(12.7249999999997,9.87000000000001,-25.9998043469073));
#2535=CARTESIAN_POINT('',(12.7249999999997,9.87000000000001,-20.4998043469073));
#2536=CARTESIAN_POINT('',(12.151638618246,9.44528786536759,-20.4998043469073));
#2537=CARTESIAN_POINT('',(12.7249999999997,9.87000000000001,-25.9998043469073));
#2538=CARTESIAN_POINT('Origin',(13.7249999999997,9.87000000000001,-25.9998043469073));
#2539=CARTESIAN_POINT('',(12.7999999999997,9.87000000000001,-20.4998043469073));
#2540=CARTESIAN_POINT('Origin',(10.7249999999997,5.88000000000001,-25.9998043469073));
#2541=CARTESIAN_POINT('',(10.7249999999997,5.88,-20.4998043469073));
#2542=CARTESIAN_POINT('',(10.7249999999997,5.88000000000001,-24.6248043469073));
#2543=CARTESIAN_POINT('',(10.7249999999997,5.88,-20.4998043469073));
#2544=CARTESIAN_POINT('Origin',(13.7249999999997,5.88,-20.4998043469073));
#2545=CARTESIAN_POINT('',(13.7249999999997,5.88,-20.4998043469073));
#2546=CARTESIAN_POINT('Origin',(10.7249999999997,5.88000000000001,-23.2498043469073));
#2547=CARTESIAN_POINT('Origin',(-10.725,5.88000000000001,-23.2498043469073));
#2548=CARTESIAN_POINT('',(-10.725,5.88,-20.4998043469073));
#2549=CARTESIAN_POINT('',(-10.725,5.88000000000001,-21.8748043469073));
#2550=CARTESIAN_POINT('',(-10.725,5.88,-20.4998043469073));
#2551=CARTESIAN_POINT('Origin',(-7.725,5.88,-20.4998043469073));
#2552=CARTESIAN_POINT('',(-10.725,7.37000000000001,-20.4998043469073));
#2553=CARTESIAN_POINT('',(-10.725,5.88,-20.4998043469073));
#2554=CARTESIAN_POINT('',(-10.0250000000003,7.37000000000001,-20.4998043469073));
#2555=CARTESIAN_POINT('',(-13.7250000000003,7.37000000000001,-20.4998043469073));
#2556=CARTESIAN_POINT('',(-10.0250000000003,7.87000000000001,-20.4998043469073));
#2557=CARTESIAN_POINT('',(-10.0250000000003,7.37000000000001,-20.4998043469073));
#2558=CARTESIAN_POINT('',(-12.7250000000003,9.87000000000001,-20.4998043469073));
#2559=CARTESIAN_POINT('',(-12.7250000000003,9.87000000000001,-20.4998043469073));
#2560=CARTESIAN_POINT('',(-13.7250000000003,9.87000000000001,-20.4998043469073));
#2561=CARTESIAN_POINT('Origin',(-10.725,5.88,-20.4998043469073));
#2562=CARTESIAN_POINT('',(-10.725,7.37000000000001,-14.3891468929805));
#2563=CARTESIAN_POINT('Origin',(-13.7250000000003,9.87000000000001,-20.4998043469073));
#2564=CARTESIAN_POINT('',(-12.7250000000003,9.87000000000001,-20.4998043469073));
#2565=CARTESIAN_POINT('Origin',(-12.7250000000003,9.87000000000001,-20.4998043469073));
#2566=CARTESIAN_POINT('',(-10.0250000000003,7.87000000000001,-20.4998043469073));
#2567=CARTESIAN_POINT('Origin',(-10.0250000000003,7.87000000000001,-20.4998043469073));
#2568=CARTESIAN_POINT('',(-10.0250000000003,7.37000000000001,-25.9998043469073));
#2569=CARTESIAN_POINT('Origin',(-10.0250000000003,7.37000000000001,-20.4998043469073));
#2570=CARTESIAN_POINT('Origin',(-10.0250000000003,7.37000000000001,9.44319565309266));
#2571=CARTESIAN_POINT('',(-13.75,7.37,9.4428254687999));
#2572=CARTESIAN_POINT('',(-10.75,7.37,9.4428254687999));
#2573=CARTESIAN_POINT('',(-6.88125000000001,7.37,9.4428254687999));
#2574=CARTESIAN_POINT('',(-10.75,7.37000000000001,3.94319565309266));
#2575=CARTESIAN_POINT('',(-10.75,7.37,0.582168014873094));
#2576=CARTESIAN_POINT('',(-10.0250000000003,7.37000000000001,3.94319565309266));
#2577=CARTESIAN_POINT('',(-10.9500000000003,7.37000000000001,3.94319565309266));
#2578=CARTESIAN_POINT('',(-10.0250000000003,7.37000000000001,9.44319565309266));
#2579=CARTESIAN_POINT('',(-10.0250000000003,7.37000000000001,9.44319565309266));
#2580=CARTESIAN_POINT('',(-13.75,7.37000000000001,9.44319565309266));
#2581=CARTESIAN_POINT('',(-13.7250000000003,7.37000000000001,9.44319565309266));
#2582=CARTESIAN_POINT('',(-13.75,7.37,5.31819565309266));
#2583=CARTESIAN_POINT('Origin',(-10.0250000000003,7.87000000000001,9.44319565309266));
#2584=CARTESIAN_POINT('',(-10.0250000000003,7.87000000000001,3.94319565309266));
#2585=CARTESIAN_POINT('',(-10.0250000000003,8.24500000000001,3.94319565309266));
#2586=CARTESIAN_POINT('',(-10.0250000000003,7.87000000000001,9.44319565309266));
#2587=CARTESIAN_POINT('',(-10.0250000000003,7.87000000000001,9.44319565309266));
#2588=CARTESIAN_POINT('',(-10.0250000000003,7.37000000000001,9.44319565309266));
#2589=CARTESIAN_POINT('Origin',(-12.7250000000003,9.87000000000001,9.44319565309266));
#2590=CARTESIAN_POINT('',(-12.7250000000003,9.87000000000001,3.94319565309266));
#2591=CARTESIAN_POINT('',(-12.1516386182465,9.44528786536759,3.94319565309266));
#2592=CARTESIAN_POINT('',(-12.7250000000003,9.87000000000001,9.44319565309266));
#2593=CARTESIAN_POINT('',(-12.7250000000003,9.87000000000001,9.44319565309266));
#2594=CARTESIAN_POINT('',(-12.7250000000003,9.87000000000001,9.44319565309266));
#2595=CARTESIAN_POINT('Origin',(-13.7250000000003,9.87000000000001,9.44319565309266));
#2596=CARTESIAN_POINT('',(-13.75,9.87000000000001,3.94319565309266));
#2597=CARTESIAN_POINT('',(-12.8000000000003,9.87000000000001,3.94319565309266));
#2598=CARTESIAN_POINT('',(-13.75,9.87000000000001,9.44319565309266));
#2599=CARTESIAN_POINT('',(-13.75,9.87000000000001,8.06819565309266));
#2600=CARTESIAN_POINT('',(-13.7250000000003,9.87000000000001,9.44319565309266));
#2601=CARTESIAN_POINT('Origin',(-11.8750000000003,8.62000000000001,9.44319565309266));
#2602=CARTESIAN_POINT('',(-13.75,7.99500000000001,9.44319565309266));
#2603=CARTESIAN_POINT('Origin',(-11.8750000000003,8.62000000000001,3.94319565309266));
#2604=CARTESIAN_POINT('',(-13.75,7.37000000000001,3.94319565309266));
#2605=CARTESIAN_POINT('',(-6.86875000000015,7.37,3.94319565309266));
#2606=CARTESIAN_POINT('',(-13.75,9.24500000000001,3.94319565309266));
#2607=CARTESIAN_POINT('Origin',(-0.0125000000000197,7.37,-8.27848943905371));
#2608=CARTESIAN_POINT('',(-10.75,7.37,0.582168014873094));
#2609=CARTESIAN_POINT('',(-13.75,7.37,-2.16783198512691));
#2610=CARTESIAN_POINT('Origin',(-10.75,5.88,9.4428254687999));
#2611=CARTESIAN_POINT('',(-10.75,5.88,9.4428254687999));
#2612=CARTESIAN_POINT('',(-10.75,5.88,9.4428254687999));
#2613=CARTESIAN_POINT('',(-10.75,5.88,8.0678254687999));
#2614=CARTESIAN_POINT('Origin',(-13.75,5.88,9.4428254687999));
#2615=CARTESIAN_POINT('',(-13.75,7.12,9.4428254687999));
#2616=CARTESIAN_POINT('Origin',(-7.75,5.88,9.4428254687999));
#2617=CARTESIAN_POINT('',(-7.75,5.88,9.4428254687999));
#2618=CARTESIAN_POINT('Origin',(-10.75,5.88,6.6928254687999));
#2619=CARTESIAN_POINT('Origin',(21.5237553064876,0.,38.452294621232));
#2620=CARTESIAN_POINT('',(26.5237553064876,0.,38.452294621232));
#2621=CARTESIAN_POINT('Origin',(26.5237553064647,0.,38.452294621232));
#2622=CARTESIAN_POINT('',(26.5237553064383,0.,-23.5477053787969));
#2623=CARTESIAN_POINT('Origin',(21.5237553064671,0.,-23.5477053787969));
#2624=CARTESIAN_POINT('',(21.5237553064671,0.,-28.547705378768));
#2625=CARTESIAN_POINT('Origin',(21.5237553064671,0.,-28.547705378768));
#2626=UNCERTAINTY_MEASURE_WITH_UNIT(LENGTH_MEASURE(0.01),#2630,
'DISTANCE_ACCURACY_VALUE',
'Maximum model space distance between geometric entities at asserted c
onnectivities');
#2627=UNCERTAINTY_MEASURE_WITH_UNIT(LENGTH_MEASURE(0.01),#2630,
'DISTANCE_ACCURACY_VALUE',
'Maximum model space distance between geometric entities at asserted c
onnectivities');
#2628=(
GEOMETRIC_REPRESENTATION_CONTEXT(3)
GLOBAL_UNCERTAINTY_ASSIGNED_CONTEXT((#2626))
GLOBAL_UNIT_ASSIGNED_CONTEXT((#2630,#2632,#2633))
REPRESENTATION_CONTEXT('','3D')
);
#2629=(
GEOMETRIC_REPRESENTATION_CONTEXT(3)
GLOBAL_UNCERTAINTY_ASSIGNED_CONTEXT((#2627))
GLOBAL_UNIT_ASSIGNED_CONTEXT((#2630,#2632,#2633))
REPRESENTATION_CONTEXT('','3D')
);
#2630=(
LENGTH_UNIT()
NAMED_UNIT(*)
SI_UNIT(.MILLI.,.METRE.)
);
#2631=(
LENGTH_UNIT()
NAMED_UNIT(*)
SI_UNIT($,.METRE.)
);
#2632=(
NAMED_UNIT(*)
PLANE_ANGLE_UNIT()
SI_UNIT($,.RADIAN.)
);
#2633=(
NAMED_UNIT(*)
SI_UNIT($,.STERADIAN.)
SOLID_ANGLE_UNIT()
);
#2634=SHAPE_DEFINITION_REPRESENTATION(#2635,#2636);
#2635=PRODUCT_DEFINITION_SHAPE('',$,#2638);
#2636=SHAPE_REPRESENTATION('',(#1626),#2628);
#2637=PRODUCT_DEFINITION_CONTEXT('part definition',#2642,'design');
#2638=PRODUCT_DEFINITION('2026-09-17-05-59-19-549','BASE',#2639,#2637);
#2639=PRODUCT_DEFINITION_FORMATION('',$,#2644);
#2640=PRODUCT_RELATED_PRODUCT_CATEGORY('BASE','BASE',(#2644));
#2641=APPLICATION_PROTOCOL_DEFINITION('international standard',
'automotive_design',2009,#2642);
#2642=APPLICATION_CONTEXT(
'Core Data for Automotive Mechanical Design Process');
#2643=PRODUCT_CONTEXT('part definition',#2642,'mechanical');
#2644=PRODUCT('2026-09-17-05-59-19-549','BASE',$,(#2643));
#2645=PRESENTATION_STYLE_ASSIGNMENT((#2646));
#2646=SURFACE_STYLE_USAGE(.BOTH.,#2647);
#2647=SURFACE_SIDE_STYLE('',(#2648));
#2648=SURFACE_STYLE_FILL_AREA(#2649);
#2649=FILL_AREA_STYLE('Acrylic (Clear)',(#2650));
#2650=FILL_AREA_STYLE_COLOUR('Acrylic (Clear)',#2651);
#2651=COLOUR_RGB('Acrylic (Clear)',0.964705882352941,0.964705882352941,
0.952941176470588);
ENDSEC;
END-ISO-10303-21;
